"","COUNTRY","NAME_1","MAIZ_curr_t_l_ph_h_hp","SORG_curr_t_l_ph_h_hp","BEAN_curr_t_l_ph_h_hp","CHIC_curr_t_l_ph_h_hp","LENT_curr_t_l_ph_h_hp","WHEA_curr_t_l_ph_h_hp","BARL_curr_t_l_ph_h_hp","ACOF_curr_t_l_ph_h_hp","RCOF_curr_t_l_ph_h_hp","PMIL_curr_t_l_ph_h_hp","SMIL_curr_t_l_ph_h_hp","POTA_curr_t_l_ph_h_hp","SWPO_curr_t_l_ph_h_hp","CASS_curr_t_l_ph_h_hp","COWP_curr_t_l_ph_h_hp","PIGE_curr_t_l_ph_h_hp","SOYB_curr_t_l_ph_h_hp","GROU_curr_t_l_ph_h_hp","SUGC_curr_t_l_ph_h_hp","COTT_curr_t_l_ph_h_hp","COCO_curr_t_l_ph_h_hp","TEAS_curr_t_l_ph_h_hp","TOBA_curr_t_l_ph_h_hp","MAIZ_curr_t_l_ph_l_hp","SORG_curr_t_l_ph_l_hp","BEAN_curr_t_l_ph_l_hp","CHIC_curr_t_l_ph_l_hp","LENT_curr_t_l_ph_l_hp","WHEA_curr_t_l_ph_l_hp","BARL_curr_t_l_ph_l_hp","ACOF_curr_t_l_ph_l_hp","RCOF_curr_t_l_ph_l_hp","PMIL_curr_t_l_ph_l_hp","SMIL_curr_t_l_ph_l_hp","POTA_curr_t_l_ph_l_hp","SWPO_curr_t_l_ph_l_hp","CASS_curr_t_l_ph_l_hp","COWP_curr_t_l_ph_l_hp","PIGE_curr_t_l_ph_l_hp","SOYB_curr_t_l_ph_l_hp","GROU_curr_t_l_ph_l_hp","SUGC_curr_t_l_ph_l_hp","COTT_curr_t_l_ph_l_hp","COCO_curr_t_l_ph_l_hp","TEAS_curr_t_l_ph_l_hp","TOBA_curr_t_l_ph_l_hp","MAIZ_curr_t_h_ph_h_hp","SORG_curr_t_h_ph_h_hp","BEAN_curr_t_h_ph_h_hp","CHIC_curr_t_h_ph_h_hp","LENT_curr_t_h_ph_h_hp","WHEA_curr_t_h_ph_h_hp","BARL_curr_t_h_ph_h_hp","ACOF_curr_t_h_ph_h_hp","RCOF_curr_t_h_ph_h_hp","PMIL_curr_t_h_ph_h_hp","SMIL_curr_t_h_ph_h_hp","POTA_curr_t_h_ph_h_hp","SWPO_curr_t_h_ph_h_hp","CASS_curr_t_h_ph_h_hp","COWP_curr_t_h_ph_h_hp","PIGE_curr_t_h_ph_h_hp","SOYB_curr_t_h_ph_h_hp","GROU_curr_t_h_ph_h_hp","SUGC_curr_t_h_ph_h_hp","COTT_curr_t_h_ph_h_hp","COCO_curr_t_h_ph_h_hp","TEAS_curr_t_h_ph_h_hp","TOBA_curr_t_h_ph_h_hp","MAIZ_curr_t_h_ph_l_hp","SORG_curr_t_h_ph_l_hp","BEAN_curr_t_h_ph_l_hp","CHIC_curr_t_h_ph_l_hp","LENT_curr_t_h_ph_l_hp","WHEA_curr_t_h_ph_l_hp","BARL_curr_t_h_ph_l_hp","ACOF_curr_t_h_ph_l_hp","RCOF_curr_t_h_ph_l_hp","PMIL_curr_t_h_ph_l_hp","SMIL_curr_t_h_ph_l_hp","POTA_curr_t_h_ph_l_hp","SWPO_curr_t_h_ph_l_hp","CASS_curr_t_h_ph_l_hp","COWP_curr_t_h_ph_l_hp","PIGE_curr_t_h_ph_l_hp","SOYB_curr_t_h_ph_l_hp","GROU_curr_t_h_ph_l_hp","SUGC_curr_t_h_ph_l_hp","COTT_curr_t_h_ph_l_hp","COCO_curr_t_h_ph_l_hp","TEAS_curr_t_h_ph_l_hp","TOBA_curr_t_h_ph_l_hp","total","MAIZ_curr_t","SORG_curr_t","BEAN_curr_t","CHIC_curr_t","LENT_curr_t","WHEA_curr_t","BARL_curr_t","ACOF_curr_t","RCOF_curr_t","PMIL_curr_t","SMIL_curr_t","POTA_curr_t","SWPO_curr_t","CASS_curr_t","COWP_curr_t","PIGE_curr_t","SOYB_curr_t","GROU_curr_t","SUGC_curr_t","COTT_curr_t","COCO_curr_t","TEAS_curr_t","TOBA_curr_t","l_ph_h_hp","l_ph_l_hp","h_ph_h_hp","h_ph_l_hp","high_hp","high_hp_perc"
"1","Kenya","Baringo",715.352978192052,13.2722208119859,110.251048339102,0,0,940.042071420874,51.5575128506134,0,0,38.9554974881224,0,3769.76786775246,18.5306517318861,0,0,0,0.177447599283957,0.0338976007919549,0,0,0,0,0,1434.26183620442,20.0576295467741,289.144601060249,0,0,56.6116206480788,0,0,0,56.25673559926,0,4992.66370209368,0,0,0,0,0,0,0,0,0,0,0,713.095461603443,23.8804988976483,189.48028318332,0,0,0,0,9.48411723089703,0,0,0,140.854473877468,0,0,0,0,0.286621908792572,2.09427137326126,0,0,0,0,0,37941.847544646,713.19603920293,5609.10363362987,0,0,988.303791424146,345.984355986709,310.948137925775,0,250.163779187698,0,16730.1096711738,228.585636896355,0,0,0,34.4422962164909,144.401048380754,0,0,0,171.905857833033,3.63109109290332,77058.8,40804.557820646,770.406388459338,6197.97956621254,0,0,1984.9574834931,397.541868837322,320.432255156672,0,345.376012275081,0,25633.3957148974,247.116288628241,0,0,0,34.9063657245675,146.529217354807,0,0,0,171.905857833033,3.63109109290332,5657.94119378717,6848.99612515246,1079.17572807483,63472.6228835966,6737.1,8.7
"2","Kenya","Bomet",8647.43540578705,76.5205861707427,839.330477358928,0,0,480.011838571509,146.321089986386,19.7849994015648,0,47.8671973723744,0,5454.65730191445,703.106216649861,0,0,0,2.40340970996518,9.24213167477703,0,0,0,4276.51667885642,28.5968828890428,3505.67445504959,44.2853370270312,438.364909871987,0,0,293.645688648168,71.1417166309911,5.73169427015182,0,32.750672735491,0,2300.6581168784,507.769850240136,0,0,0,0,0,0,0,0,3662.24958764143,0,42355.9051080128,240.21891825437,2673.0805124088,0,0,1070.65023666945,139.704873854204,40.005231459647,0,222.392160681321,0,16629.4818650951,4147.52744314317,0,0,0,31.0926102991476,19.5604043361829,0,0,0,5725.53122308118,191.716505326288,20749.9778435234,222.409530561147,3109.95690786438,0,0,596.703960801821,222.864414767426,68.6979194845603,0,220.24745439111,0,16613.5079115182,2763.19775875365,0,0,0,9.27690237530442,2.41426234493682,0,0,0,19127.1855622261,49.8962325271606,168837.3,75258.9928123729,583.434372013291,7060.7328075041,0,0,2441.01172469095,580.032095239007,134.219844615924,0,523.257485180296,0,40998.3051954062,8121.60126878681,0,0,0,42.7729223844172,31.2167983558968,0,0,0,32791.4830518051,270.209620742491,20731.7942163431,10862.2720289934,73486.8670926217,63756.3366611393,94218.7,55.8
"3","Kenya","Bungoma",9503.2024861324,456.279563086011,1523.70107197149,0,0,0,0,0,0,81.3057942402297,0,800.145959590365,4996.75842425706,1937.85953951586,31.0868313185448,0,7.96032370919445,44.6886753901738,52502.2521341706,0,0,0,303.952820576612,0,0,0,0,0,0,0,0,0,0,0,0,0,0,0,0,0,0,0,0,0,0,0,98060.4628224437,5224.58570426361,22254.6359029183,8.06110299037573,3.59116307589797,122.255535892486,0,46.7225550166279,0,708.789662192655,48.2616136815041,41457.0267611722,56627.8617469988,25669.0417877369,455.063147512627,0,178.204919977097,530.404452699129,494690.876051499,33.6693900426741,0,218.630123665391,4562.13680865706,33213.7964258184,2069.83128231773,7264.22155830407,0,1.89575739220952,1617.49704161864,145.509707045191,32.9247313242188,0,22.0014667880731,0,18385.6668467593,4084.99184818822,150.355403600602,39.0910031375103,0,33.9813733806671,1.82947209685135,46553.7236052495,0,0,0,885.418460489052,937592.1,140777.461734394,7750.69654966735,31042.5585331938,8.06110299037573,5.48692046810749,1739.75257751113,145.509707045191,79.6472863408467,0,812.096923220958,48.2616136815041,60642.839567522,65709.6120194441,27757.2567308533,525.240981968682,0,220.146617066958,576.922600186154,593746.851790919,33.6693900426741,0,218.630123665391,5751.50808972272,72189.1936239586,0,750900.281252436,114502.73598351,823089.5,87.8
"4","Kenya","Busia",8357.24227171222,481.182102901777,1722.17863000189,0,0,0,0,0,0,96.9827912865567,0,2.25840177259025,5725.96945939783,3306.10509166463,41.0224883504288,0,0,74.176645880103,53446.2019832702,0.59153360523834,0,0,5.25310048468275,0,0,0,0,0,0,0,0,0,0,0,0,0,0,0,0,0,0,0,0,0,0,0,65495.6652919945,3634.85566934852,10229.2213692877,0,0,0,0,51.1336224623446,343.934618421747,376.893419351584,6064.07175200752,45.7171045315713,39917.8713784433,28053.125642785,256.069105272476,0,151.904659497573,643.718203559268,326040.408746869,189.079588884995,0,73.9728494487443,1271.04194326349,3431.3285510885,234.661524142236,909.857832343637,0,0,0,0,0,0.226370459187031,54.3910601190541,0,0,1831.41892188078,882.675302292671,26.9904681761345,0,0.049737277034887,30.4130450971235,22277.0770482357,0.0493977279940789,0,1.11436357900013,2.87369457939849,585781,77284.2361147952,4350.69929639254,12861.2578316332,0,0,0,0,51.1336224623446,344.160988880934,528.267270757195,6064.07175200752,47.9755063041616,47475.2597597219,32241.9060367423,324.082061799039,0,151.954396774608,748.307894536494,401763.687778375,189.720520218227,0,75.0872130277444,1279.16873832757,73259.1645003282,0,482838.68496543,29683.1273169984,556097.9,94.9
"5","Kenya","Elgeyo-Marakwet",10188.9566543067,493.315133390167,3386.04672767668,0,0,2864.03092277052,101.668796018266,6.10834550865593,0,386.375420019482,0,43002.634490397,106.296199772633,0,0,0,0.166693207522112,0.406053570600307,0,0,0,0,3.15823244010648,0,0,0,0,0,0,0,0,0,0,0,0,0,0,0,0,0,0,0,0,0,0,0,22172.5932234559,726.525654493141,4438.68766948582,0,0,2248.9495188095,144.261033508985,3.10261414563664,0,1079.84630097201,0,33277.297189566,2418.03926125932,0,0,0,0.204333607066715,23.9919253660538,64.8209443262917,0,0,0,24.6260100419492,27046.4923515225,77.1674803528955,3504.27776057207,0,0,9566.7265762396,382.946189234724,15.2832834727542,0,1170.38831350007,0,5978.65605990237,429.907472463887,0,0,0,1.48292236897419,68.9055725683003,454.672648677744,0,0,0,0,175859,59408.0422292851,1297.0082682362,11329.0121577346,0,0,14679.7070178196,628.876018761974,24.4942431270468,0,2636.61003449157,0,82258.5877398654,2954.24293349584,0,0,0,1.85394918356301,93.3035515049543,519.493593004036,0,0,0,27.7842424820556,60539.1636690783,0,66622.9456790377,48696.9066308758,127162.1,72.3
"6","Kenya","Embu",10483.7839073804,13.680213793482,3547.57241421756,0,0,0,0,1057.66864464234,0,0,0,8499.20232449689,0,0,0,0,0,0,0,0,0,7561.22222712823,3.02819992856979,0,0,0,0,0,0,0,0,0,0,0,0,0,0,0,0,0,0,0,0,0,0,0,17916.6928950487,273.17619281497,4566.6665475122,77.995610204794,0.00818160016495884,0,0,2024.49437662471,0,89.296218319289,0,2121.12012217668,433.967966586236,191.101603144361,325.03417446352,104.388458821149,0.292496360932446,0,0,35.5691680642958,0,2350.2842190105,97.9218858845046,50045.4306275303,3725.80698877145,10187.5514637807,0,0,0,0,1162.23586623833,0,1521.24598191673,0,1026.24185594962,10470.5233659641,4346.54960097727,3713.90142191723,2176.92051939137,2.72793611748958,0,0,634.591967506303,0,548.585541905788,874.335799808989,152210.8,78445.9074299594,4012.66339537991,18301.7904255104,77.995610204794,0.00818160016495884,0,0,4244.39888750538,0,1610.54220023602,0,11646.5643026232,10904.4913325503,4537.65120412164,4038.93559638075,2281.30897821252,3.02043247842202,0,0,670.161135570598,0,10460.0919880445,975.285885622064,31166.1579315874,0,30608.010116637,90436.6489377757,61774.1,40.6
"7","Kenya","Garissa",0,0,0,0,0,0,0,0,0,0,0,0,0,0,0,0,0,0,0,0,0,0,0,0,0,0,0,0,0,0,0,0,0,0,0,0,0,0,0,0,0,0,0,0,0,0,0,0,0,0,0,0,0,0,0,0,0,0,0,0,0,0,0,0,0,0,0,0,0,811.338060125059,1342.21367603011,406.404174896115,0,0,0,0,0,0,0.249797705659428,0,0,596.733731961379,14995.3515145257,55.0895072274337,4.76023847734059,0,24.6890298924875,53.3185214113551,12.5705302755964,0,0,0,18302.8,811.338060125059,1342.21367603011,406.404174896115,0,0,0,0,0,0,0.249797705659428,0,0,596.733731961379,14995.3515145257,55.0895072274337,4.76023847734059,0,24.6890298924875,53.3185214113551,12.5705302755964,0,0,0,0,0,0,18302.7187825282,0,0
"8","Kenya","Homa Bay",4178.37490283552,600.289474142523,0,0,1.46300001442432,0,0,0,0,195.256887087399,0,361.476522935918,0,3054.67941788398,13.9718807316868,0,29.8949026837359,161.641189993644,8390.09807206085,122.650524139484,0,567.69124910752,0,0,0,0,0,0,0,0,0,0,0,0,0,0,0,0,0,0,0,0,0,0,0,0,69914.7395655054,9079.42210558517,248.334469550566,0,7.14819493875948,2.04726465051193,0,22.6828846526416,0,2081.26634904389,0,1440.81654045564,596.656498311932,41953.2393416288,408.84567847774,0,346.165208257883,4246.50981038084,358632.259845754,963.498356260999,0,3627.80552070284,0,24598.2837552018,4116.86794577406,0,0,0,0,0,0,0,123.486858032357,0,30.4444279382358,0,12007.4242146491,80.1649912565486,0,3.97997348156063,1683.64297656852,49060.9235244376,322.721517543119,0,0,0,603276.9,98691.3982235428,13796.5795255017,248.334469550566,0,8.6111949531838,2.04726465051193,0,22.6828846526416,0,2400.01009416365,0,1832.7374913298,596.656498311932,57015.3429741619,502.982550465975,0,380.04008442318,6091.793976943,416083.281442252,1408.8703979436,0,4195.49676981036,0,17677.4880236167,0,493571.437634158,92027.9401848829,511249,84.7
"9","Kenya","Isiolo",0,0,0,0,0,0,0,0,0,0,0,0,0,0,0,0,0,0,0,0,0,0,0,0,0,0,0,0,0,0,0,0,0,0,0,0,0,0,0,0,0,0,0,0,0,0,0,0,0,0,0,0,0,0,0,0,0,0,0,0,0,0,0,0,0,0,0,0,0,3827.18331462183,768.705726894163,740.743490721171,0,8.9689260559021,42.2873438003662,12.6741998990059,126.360954159969,0,112.263187627182,0,589.023310789831,8126.99278895825,366.55384449683,273.094420182167,205.038973909502,0,29.7606255982628,0,65.2143264470124,0,44.0357490169731,35.4187802085552,15374.4,3827.18331462183,768.705726894163,740.743490721171,0,8.9689260559021,42.2873438003662,12.6741998990059,126.360954159969,0,112.263187627182,0,589.023310789831,8126.99278895825,366.55384449683,273.094420182167,205.038973909502,0,29.7606255982628,0,65.2143264470124,0,44.0357490169731,35.4187802085552,0,0,0,15374.319963387,0,0
"10","Kenya","Kajiado",0,0,0,0,0,0,0,0,0,0,0,0,0,0,0,0,0,0,0,0,0,0,0,0,0,0,0,0,0,0,0,0,0,0,0,0,0,0,0,0,0,0,0,0,0,0,3041.26915003045,2.32841365006851,1282.18753092951,0,0,18.4746907416327,0,158.692451117011,0,0,41.0050858161667,15034.7399632714,243.992171033662,0,49.7044376736517,33.2904277904211,0,0,0,0,0,0,0,63807.0349931744,252.884871248631,27030.4448915306,0,12.0614456167377,677.865461075508,26.6300146672392,421.640135908284,0,119.477974314598,59.4901281992361,59790.1682787197,1794.8447491613,245.873601921794,398.67884777618,434.479585453432,0,13.8289011034936,0,85.0604399930951,0,1238.7475090655,0.346039012576313,176315.2,66848.3041432048,255.2132848987,28312.6324224601,0,12.0614456167377,696.340151817141,26.6300146672392,580.332587025295,0,119.477974314598,100.495214015403,74824.9082419912,2038.83692019496,245.873601921794,448.383285449832,467.770013243853,0,13.8289011034936,0,85.0604399930951,0,1238.7475090655,0.346039012576313,0,0,19905.684322054,156409.557867942,19905.7,11.3
"11","Kenya","Kakamega",27435.3009913186,1462.17424074823,5829.9711187362,0,0,15.682338588807,0,0,0,291.806369479163,0,4286.40716772594,16261.4362523861,8236.52124298523,134.290795955863,0,44.7688847070009,216.406724331506,159142.59665419,0,0,2167.06800474205,7.8733166537655,0,0,0,0,0,0,0,0,0,0,0,0,0,0,0,0,0,0,0,0,0,0,0,88373.7338683907,4773.33030759368,16617.3080380658,0,1.06044456078589,12.1900772473516,0,0,0,558.671701211949,0,8246.63728588531,56393.0736606062,19265.5223152389,406.156587107046,0,135.854725581429,620.871882435894,529818.416084811,1.67108943722782,0,4059.01944395233,251.788008787839,0,0,0,0,0,0,0,0,0,0,0,0,0,0,0,0,0,0,0,0,0,0,0,955067.5,115809.034859709,6235.50454834191,22447.2791568019,0,1.06044456078589,27.8724158361586,0,0,0,850.478070691112,0,12533.0444536113,72654.5099129923,27502.0435582242,540.447383062909,0,180.62361028843,837.2786067674,688961.012739001,1.67108943722782,0,6226.08744869438,259.661325441605,225532.304102548,0,729535.305520913,0,955067.5,100
"12","Kenya","Kericho",5621.41246215301,90.4336762295505,1335.44668143379,0,0,2417.22914760406,223.983939512977,74.8050140291951,0,57.7011097806554,0,7681.96068605108,56.7407181560247,0,0,0,0.322632006589353,0.911468759519708,833.412163678751,0,0,10830.9772294807,0,6018.54870039221,80.7450687452315,1144.4484336804,0,0,513.614787163256,95.8310529686898,56.1322173287751,0,41.3527151573383,0,4621.37447101191,166.225013589565,0,0,0,0,1.40486713265686,0,0,0,12484.5626035966,0,25436.0432335702,459.847894691169,3265.16586548714,0,1.3724100414896,70.0814798080693,23.063320370369,271.685076821524,0,265.239484659802,0,6308.41825281465,2695.93750373368,1779.6461269752,37.2630403247433,0,77.8928175098985,50.2675968691852,90100.1164643078,4.95343235148717,0,25143.8279888718,0,26194.3330894434,445.548382372195,4579.41842342338,0,0,288.762154368528,79.7011248035431,322.066201984373,0,390.421958788839,0,9888.81160232372,4033.40496815134,746.670927489974,46.3506151051795,0,3.76075184205475,31.0513944323183,131249.045008981,17.1096536521346,0,30159.0492396574,0,418915.9,63270.3374855588,1076.57502203815,10324.4794040247,0,1.3724100414896,3289.68756894391,422.579437655579,724.688510163867,0,754.715268386634,0,28500.5650122014,6952.30820363061,2526.31705446518,83.6136554299227,0,81.9762013585426,83.63532719368,222182.573636968,22.0630860036218,0,78618.4170616064,0,29225.3369288759,25224.2399307666,155990.821989208,208475.505496819,185216.2,44.2
"13","Kenya","Kiambu",9187.14193974111,3.12247231350808,3626.91177084316,0,0,0,0,818.143622553905,0,0,0,79158.6141624167,1145.32350290327,101.881551989924,0,0,0,0,0,0,0,12774.4659698818,0,0,0,0,0,0,0,0,0,0,0,0,0,0,0,0,0,0,0,0,0,0,0,0,32506.5474669588,9.46246015995232,8146.18016302705,0,0.287719602202857,75.1617475370693,5.4783293961155,3094.96269813399,0,1.50020633217201,0,176698.535873585,6504.30256424534,304.682723729198,6.60353495172583,0,0.91306263482152,0.203385597736263,0,0,0,14411.0174211824,0.121608003441811,16367.7037178863,46.3400068615843,3703.44422861849,0,14.5831976596492,704.201553893947,193.280732214353,799.84187437102,0,19.5627426176235,0,96330.5699513478,36439.7291444565,944.335857843375,105.489080930246,253.654489558706,6.04963603085506,2.6139421295173,0,0.0278627997892469,0,2578.07309519781,0.198442074364144,507091.3,58061.3931245863,58.9249393350447,15476.5361624887,0,14.870917261852,779.363301431016,198.759061610468,4712.94819505891,0,21.0629489497955,0,352187.719987349,44089.3552116051,1350.9001335625,112.092615881972,253.654489558706,6.96269866567658,2.81732772725356,0,0.0278627997892469,0,29763.556486262,0.320050077805955,106815.604992643,0,241765.960965077,158509.699556492,348581.6,68.7
"14","Kenya","Kilifi",0,0,0,0,0,0,0,0,0,0,0,0,0,0,0,0,0,0,0,0,0,0,0,0,0,0,0,0,0,0,0,0,0,0,0,0,0,0,0,0,0,0,0,0,0,0,0,0,0,0,0,0,0,0,0,0,0,0,0,0,0,0,0,0,0,0,0,0,0,66064.7281473841,1301.88166165636,80.2728835712273,0,0,0,0,0,0,96.4643294535372,0,0,4138.1101281524,72632.4448275834,2330.18423822593,49.4592458030463,0,0,0,0,0,0,0,146693.6,66064.7281473841,1301.88166165636,80.2728835712273,0,0,0,0,0,0,96.4643294535372,0,0,4138.1101281524,72632.4448275834,2330.18423822593,49.4592458030463,0,0,0,0,0,0,0,0,0,0,146693.54546183,0,0
"15","Kenya","Kirinyaga",9957.4540817074,76.6692746651649,2997.91782414833,166.01167715896,0.0272719997032285,66.6313052534728,0,1452.0821240692,0,0,0,39350.3657597763,422.622214587958,0,12.0793907898232,0,0.601465190876532,0,0,0,0,12695.1419403505,56.9581569546003,0,0,0,0,0,0,0,0,0,0,0,0,0,0,0,0,0,0,0,0,0,0,0,9986.35268363365,28.7471411122182,3639.64741257018,1015.20387606966,0.143178008601561,17.0035354371059,0,1036.55701646091,0,0,0,12054.7632819166,41369.103092281,365.485048940418,55.112779024633,11.0344280354845,6.81271495083053,0,0,0,0,1431.10086520958,0,28477.7911396935,186.837623580401,7387.91931682604,627.784338373664,0.0668164002888709,0,0,2094.40039718596,0,36.5119603166408,0,19102.5871332359,29045.966290785,791.036503946856,240.849021933786,57.196648802468,9.51767863095067,0,0,66.7080972545853,0,3444.54862665002,29.1705333033963,229870.5,48421.5979050345,292.254039357785,14025.4845535445,1808.99989160228,0.237266408593661,83.6348406905788,0,4583.03953771607,0,36.5119603166408,0,70507.7161749288,70837.691597654,1156.52155288727,308.041191748242,68.2310768379525,16.9318587726577,0,0,66.7080972545853,0,17570.7914322101,86.1286902579966,67254.5624866523,0,71017.0670536509,91598.8921269194,138271.6,60.2
"16","Kenya","Kisii",89818.1385841767,2160.70858385607,39.4682666041492,0,26.6737530171415,0,0,0,0,5139.2016713137,0,9811.2260357278,0,10022.9674773627,41.9718673918091,0,332.857585720361,802.866522701816,113110.232507793,137.816149385182,0,23140.7507276421,0,0,0,0,0,0,0,0,0,0,0,0,0,0,0,0,0,0,0,0,0,0,0,0,9682.64903823513,546.46404012691,0,0,8.66372282448964,0,0,0,0,886.899898616684,0,1786.40281133601,0,1810.54569092754,2.97137874222869,0,128.881629937448,132.643458510014,15454.7839584593,89.1705429389076,0,2875.12739768811,0,0,0,0,0,0,0,0,0,0,0,0,0,0,0,0,0,0,0,0,0,0,0,0,287990.1,99500.7876224119,2707.17262398298,39.4682666041492,0,35.3374758416311,0,0,0,0,6026.10156993038,0,11597.6288470638,0,11833.5131682902,44.9432461340378,0,461.739215657809,935.509981211831,128565.016466252,226.98669232409,0,26015.8781253302,0,254584.879732693,0,33405.2035683427,0,287990.1,100
"17","Kenya","Kisumu",0,0,0,0,0,0,0,0,0,0,0,0,0,0,0,0,0,0,0,0,0,0,0,0,0,0,0,0,0,0,0,0,0,0,0,0,0,0,0,0,0,0,0,0,0,0,18956.2276657094,2092.08076506989,597.239195947287,0,0,0,0,23.5283457067021,0,240.064884871538,0,30.9317558670853,2772.12654516057,9934.22924498077,190.050404863811,0,6.43857793445214,289.602098752024,327957.728137679,121.034146882814,0,1615.80905016829,0,21114.0003292618,2782.38656511911,300.739785362728,0,0,1.01741639769421,0,32.4197897176501,0,216.000281824715,0,280.677593916663,1283.65658931009,11258.0145344063,519.311584850611,0,5.97929377870364,506.923466865421,808123.058648982,184.414888935663,0,3249.68195459622,0,1214685.3,40070.2279949712,4874.46733018899,897.978981310015,0,0,1.01741639769421,0,55.9481354243522,0,456.065166696253,0,311.609349783748,4055.78313447065,21192.2437793871,709.361989714422,0,12.4178717131558,796.525565617445,1136080.78678666,305.449035818477,0,4865.4910047645,0,0,0,364827.090819593,849858.282723326,364827.2,30
"18","Kenya","Kitui",0,0,0,0,0,0,0,0,0,0,0,0,0,0,0,0,0,0,0,0,0,0,0,0,0,0,0,0,0,0,0,0,0,0,0,0,0,0,0,0,0,0,0,0,0,0,62445.292942867,7125.84770639131,15791.6325037637,0,0,0,0,6.98806626306776,0,5407.67044542432,0,659.462005598398,1727.63157918065,5828.60060944271,10456.6468678737,10077.8785501788,0,0,0,513.860240472505,0,0,50.1288435867401,129735.665626997,13858.1309502751,21115.4963631117,0,0,0,0,239.918728443351,0,13132.8958931024,0,665.670747347876,9144.79818842809,15994.2379426124,14035.1796321158,12656.8384355338,0,0,0,1531.06081724484,0,0,177.26708830794,352378.8,192180.958569864,20983.9786566664,36907.1288668754,0,0,0,0,246.906794706419,0,18540.5663385267,0,1325.13275294627,10872.4297676087,21822.8385520551,24491.8264999895,22734.7169857126,0,0,0,2044.92105771735,0,0,227.39593189468,0,0,120091.640361043,232287.16041352,120091.6,34.1
"19","Kenya","Kwale",0,0,0,0,0,0,0,0,0,0,0,0,0,0,0,0,0,0,0,0,0,0,0,0,0,0,0,0,0,0,0,0,0,0,0,0,0,0,0,0,0,0,0,0,0,0,1931.75473419404,535.329779097512,17.8322748993879,0,0,0,0,0,0,1.76379984007694,0,0,597.13575706175,3586.98154842745,73.7691571389624,0.427093569711749,0,0,0,0,0,0,0,22692.9986923979,6049.46671745638,331.227951762135,0,0,0,0,5.27093720010987,0,36.1677547543473,0,0,5897.28489431314,30242.2842188645,616.232346477374,5.54403208016528,0,1.27886224638924,0,0.187142412051058,0,6.24259068393212,0,72629.2,24624.7534265919,6584.7964965539,349.060226661523,0,0,0,0,5.27093720010987,0,37.9315545944242,0,0,6494.42065137489,33829.265767292,690.001503616337,5.97112564987703,0,1.27886224638924,0,0.187142412051058,0,6.24259068393212,0,0,0,6744.99414422889,65884.1861406484,6745,9.3
"20","Kenya","Laikipia",0,0,0,0,0,0,0,0,0,0,0,0,0,0,0,0,0,0,0,0,0,0,0,0,0,0,0,0,0,0,0,0,0,0,0,0,0,0,0,0,0,0,0,0,0,0,0,0,0,0,0,0,0,0,0,0,0,0,0,0,0,0,0,0,0,0,0,0,0,53820.8392745191,319.901806415378,10804.4679669483,0,0,15494.1333369926,313.036719957499,343.753335478619,0,82.7018317094168,0,88129.7770768575,4335.43848704328,21.992880580663,0,0,3.51533730233027,0.717499196301269,0,0,0,545.072742205831,9.85734091211473,174225.1,53820.8392745191,319.901806415378,10804.4679669483,0,0,15494.1333369926,313.036719957499,343.753335478619,0,82.7018317094168,0,88129.7770768575,4335.43848704328,21.992880580663,0,0,3.51533730233027,0.717499196301269,0,0,0,545.072742205831,9.85734091211473,0,0,0,174225.205636119,0,0
"21","Kenya","Lamu",0,0,0,0,0,0,0,0,0,0,0,0,0,0,0,0,0,0,0,0,0,0,0,0,0,0,0,0,0,0,0,0,0,0,0,0,0,0,0,0,0,0,0,0,0,0,5358.51414520607,141.156731905629,1.16245819192886,0,0,0,0,0,0,26.6456410460236,0,0,379.99889642411,8416.68362959698,362.130041229863,28.5202441553508,0,0,0,0,0,0,0,9565.82544110932,283.566530303631,0.874490677945772,0,0,0,0,0,0,38.4711210578244,0,0,662.759600619295,8252.08006124923,252.229784670881,20.0751557294102,0,0,0,0,0,0,0,33790.7,14924.3395863154,424.72326220926,2.03694886987464,0,0,0,0,0,0,65.116762103848,0,0,1042.75849704341,16668.7636908462,614.359825900744,48.595399884761,0,0,0,0,0,0,0,0,0,14714.811787756,19075.8821854175,14714.8,43.5
"22","Kenya","Machakos",0,0,0,0,0,0,0,0,0,0,0,0,0,0,0,0,0,0,0,0,0,0,0,0,0,0,0,0,0,0,0,0,0,0,0,0,0,0,0,0,0,0,0,0,0,0,95749.3150089851,2732.20834582738,27976.5692832248,0,592.717978713327,0,0,1259.83748697698,0,624.320249164275,0,966.670568168741,31228.3051642905,18605.8611021928,5437.3841727019,14286.8638217968,0,0,0,265.9599505842,0,82.1567512539059,11.9691258506714,135970.71369073,3134.54227233397,23895.7338408645,0,170.345779027532,6.07874401597952,0,3230.4589585783,0,772.640082415742,0,3790.85433813378,41387.6395561878,22785.2829108709,4300.81614638217,14299.5892138511,1.87998635794903,0,0,336.322790216121,0,122.484997493701,38.3118268822699,454063.8,231720.028699716,5866.75061816135,51872.3031240893,0,763.063757740859,6.07874401597952,0,4490.29644555528,0,1396.96033158002,0,4757.52490630252,72615.9447204784,41391.1440130637,9738.20031908408,28586.4530356479,1.87998635794903,0,0,602.282740800321,0,204.641748747607,50.2809527329413,0,0,199820.139009731,254243.695134342,199820.1,44
"23","Kenya","Makueni",0,0,0,0,0,0,0,0,0,0,0,0,0,0,0,0,0,0,0,0,0,0,0,0,0,0,0,0,0,0,0,0,0,0,0,0,0,0,0,0,0,0,0,0,0,0,72116.6632489875,2689.38864677378,16256.4687755705,0,524.258234968577,2.72627502490025,0,363.488457372157,0,966.203366339918,0,132.395505407447,6154.1986027104,3258.35709760085,8091.49356105414,9175.57117626468,0,0.153734408627129,0,2384.19316909413,0,0,0.600297589791918,83978.0097696565,3097.65957958227,13890.5941469092,0,34.1714303605962,39.4063208657146,0,95.7086746534882,0,1417.240511553,0,802.081731348783,6542.28097854961,3391.35789041344,6230.82242310426,7823.68163603504,0,1.9736913958317,0,2092.47765413658,0,0,2.56660966544235,251556.2,156094.673018644,5787.04822635604,30147.0629224797,0,558.429665329173,42.1325958906149,0,459.197132025645,0,2383.44387789291,0,934.47723675623,12696.47958126,6649.7149880143,14322.3159841584,16999.2528122997,0,2.12742580445883,0,4476.67082323071,0,0,3.16690725523427,0,0,122116.160149167,129440.03304823,122116.2,48.5
"24","Kenya","Mandera",0,0,0,0,0,0,0,0,0,0,0,0,0,0,0,0,0,0,0,0,0,0,0,0,0,0,0,0,0,0,0,0,0,0,0,0,0,0,0,0,0,0,0,0,0,0,0,0,0,0,0,0,0,0,0,0,0,0,0,0,0,0,0,0,0,0,0,0,0,2480.08357212875,977.825678141508,12.2671179744013,0,0,0,0,0,0,0,0,0,0,0.794385442853841,158.18379195246,0,0,473.087356710001,9.74621440588908,0.168897269905589,0,0,0.620072789051438,4112.8,2480.08357212875,977.825678141508,12.2671179744013,0,0,0,0,0,0,0,0,0,0,0.794385442853841,158.18379195246,0,0,473.087356710001,9.74621440588908,0.168897269905589,0,0,0.620072789051438,0,0,0,4112.77708681482,0,0
"25","Kenya","Marsabit",0,0,0,0,0,0,0,0,0,0,0,0,0,0,0,0,0,0,0,0,0,0,0,0,0,0,0,0,0,0,0,0,0,0,0,0,0,0,0,0,0,0,0,0,0,0,98.3694979125081,1.26555329471979,28.01985933115,0,0,0,0,0,0,0,0,0,0,0,0,0,0,0,0,0,0,0,0,16746.4821568522,679.946878917707,4717.77812385663,0,0,362.07261489954,15.6467892314072,0,0,158.928308070284,0,11.9804498473982,15.8083101894125,0,93.0914462422284,5.81928572650079,3.49750157031712,12.9895251062544,0,0,0,0,1.82792940322874,22953.6,16844.8516547647,681.212432212427,4745.79798318778,0,0,362.07261489954,15.6467892314072,0,0,158.928308070284,0,11.9804498473982,15.8083101894125,0,93.0914462422284,5.81928572650079,3.49750157031712,12.9895251062544,0,0,0,0,1.82792940322874,0,0,127.654910538378,22825.8693199131,127.7,0.6
"26","Kenya","Meru",6553.71930452803,235.775368701496,2570.45619483597,0,28.7714512755392,1558.52845552486,320.916162176138,569.286991787966,0,20.3994337208553,0,48869.091244662,127.640057807879,184.352061873883,17.8836684466427,17.5624432454391,0,0,0,19.074233226268,0,5700.61422261942,147.806385494622,1281.38988949843,97.5806088692207,1262.85322350377,0,35.6621920108282,1210.26856228149,128.553091501664,127.54109481607,0,23.1369395599686,0,19281.0671449063,230.28649247573,142.212179744998,29.6407329181873,21.4146406372643,0,0,0,17.0294632572616,0,870.90016687382,25.5965884889952,21853.3419118642,1168.08661676977,9176.61190546782,0,250.210666348086,9142.86516611089,949.05019618863,2422.82218440074,0,547.984304574396,0,53791.6382610329,3217.73165255895,2231.73363653472,392.150097920408,324.940559364246,0,851.595779050152,0,529.232953685608,0,5375.1906310656,565.058782644979,104310.603718729,5879.86895519751,33478.7411395541,0,308.955472102481,23167.6911207222,2868.80519554748,4601.38718001036,0,3326.27477395936,0,218539.64216044,16927.8849794789,11435.332444466,2280.48556344484,2208.59786019452,0.0537732010197668,822.600347894474,0,1798.11498998981,0,8886.88305809917,1085.62150522385,646444.7,133999.05482462,7381.311549538,46488.6624633617,0,623.599781736934,35079.3533046394,4267.32464541391,7721.03745101514,0,3917.79545181458,0,340481.438811041,20503.5431823214,13993.6303226196,2720.16006273008,2572.51550344147,0.0537732010197668,1674.19612694463,0,2363.45164015895,0,20833.588078658,1824.08326185245,66941.877679927,24785.133011344,112790.245305582,441927.544238255,179732.2,27.8
"27","Kenya","Migori",2000.65859686947,355.044568987172,50.1012301780975,0,0,0,0,5.11742414715386,0,148.292397658661,26.7270697858432,652.328589485754,172.423517530817,7502.53889682872,2.53342097045822,0,14.5342491602592,37.8747893230307,15703.2218343624,1.36294709410425,0,0,0.0499199986028671,0,0,0,0,0,0,0,0,0,0,0,0,0,0,0,0,0,0,0,0,0,0,0,81493.549692299,14027.487574107,1406.90285112408,56.3807964324951,26.1467000451612,0,0,135.307139527645,0,2374.56544297924,431.000966113845,23390.4173114099,4388.32813639522,124564.388376432,430.951738470171,0,119.397506598607,572.284581560194,1202111.93263404,77.8114190660721,0,0,1.70070035417768,8157.54381514023,1145.02522243503,0,0,0,0,0,0,0,260.384017750052,0,0,0,6896.01868233252,41.3678925734035,0,0,3.92922236509083,164581.527700837,3.60823538859767,0,0,0,1663370.8,91651.7521043087,15527.5573655292,1457.00408130218,56.3807964324951,26.1467000451612,0,0,140.424563674799,0,2783.24185838795,457.728035899688,24042.7459008956,4560.75165392603,138962.945955593,474.853052014033,0,133.931755758866,614.088593248316,1382396.68216924,82.782601548774,0,0,1.75062035278055,26672.8094523805,0,1455608.55356696,181089.404788822,1482281.4,89.1
"28","Kenya","Mombasa",0,0,0,0,0,0,0,0,0,0,0,0,0,0,0,0,0,0,0,0,0,0,0,0,0,0,0,0,0,0,0,0,0,0,0,0,0,0,0,0,0,0,0,0,0,0,0,0,0,0,0,0,0,0,0,0,0,0,0,0,0,0,0,0,0,0,0,0,0,4551.81734454682,27.0909668114896,10.9511109025743,0,0,0,0,0,0,13.0501148496797,0,0,1230.78814013499,9164.9722956859,285.991992950439,43.7994699043275,0,0,0,0,0,0,0,15328.3,4551.81734454682,27.0909668114896,10.9511109025743,0,0,0,0,0,0,13.0501148496797,0,0,1230.78814013499,9164.9722956859,285.991992950439,43.7994699043275,0,0,0,0,0,0,0,0,0,0,15328.4614357862,0,0
"29","Kenya","Murang'a",8106.68033210294,25.9755300033291,3779.97805141387,0,0,124.772769821861,0,837.472980161426,0,0,0,74126.8991638676,548.021096560464,3.02629866641476,0,0,0,0,0,0,0,22840.3958877206,0,4013.3416369367,12.8070224936877,1358.80091450089,0,0.0381808016164422,0,0,506.787654318312,0,0,0,10503.9805119387,0,0,0,0,0,0,0,0,0,4197.51953747519,0,30786.8404782748,131.916036553265,5248.884320392,0,0.72407162158359,0,0,2815.03127953652,0,9.2687619915184,0,31477.2653149079,113753.425441397,3673.69708878129,175.94150888922,670.093057870568,5.42436756058513,0,0,46.177580158486,0,3279.23850992561,0,20511.0132426261,101.220719672877,4603.57585827178,0,0.447260812404287,0,0,2334.53346435811,0,6.47159732096901,0,33299.5885634015,38475.0779689995,1513.17212879189,109.509122572019,435.723779082037,2.90889103129473,0,0,2.23681161846588,0,7465.94758517083,0,431921.9,63417.8756899405,271.919308723159,14991.2391445785,0,1.20951323560432,124.772769821861,0,6493.82537837437,0,15.7403593124874,0,149407.733554116,152776.524506957,5189.8955162396,285.450631461239,1105.8168369526,8.33325859187985,0,0,48.4143917769518,0,37783.1015202923,0,110393.222110318,20593.2754584651,192073.927817861,108861.42699373,302467.1,70
"30","Kenya","Nairobi",0,0,0,0,0,0,0,0,0,0,0,0,0,0,0,0,0,0,0,0,0,0,0,0,0,0,0,0,0,0,0,0,0,0,0,0,0,0,0,0,0,0,0,0,0,0,6897.59999463308,0,1502.44603389072,0,0,0,0,577.087694682663,0,0,0,28349.5992544332,780.058203025352,69.1988050754828,0,0,0,0,0,0,0,2041.38282681014,0,4807.91795736023,22.5220735365035,754.873336000544,0,26.8611071135174,8.26905927970955,0,79.5547735123509,0,0,0,10080.2186003365,16850.2920865082,304.454595524653,23.2462316481626,18.026783474243,2.22083923938404,0,0,0,0,41.1317021565876,0,73236.9,11705.5179519933,22.5220735365035,2257.31936989126,0,26.8611071135174,8.26905927970955,0,656.642468195014,0,0,0,38429.8178547696,17630.3502895336,373.653400600136,23.2462316481626,18.026783474243,2.22083923938404,0,0,0,0,2082.51452896672,0,0,0,40217.3728125506,33019.5891456906,40217.4,54.9
"31","Kenya","Nakuru",1355.09542493679,10.980476404623,265.579339106116,0,0,91.7830401223591,43.0277048067683,12.4237504113808,0,6.8549917776013,0,1960.73455816697,16.1131941828935,0,0,0,0,0.913779992658007,0,0,0,4282.75269042351,0,0,0,0,0,0,0,0,0,0,0,0,0,0,0,0,0,0,0,0,0,0,0,0,363.294099398074,0.884352092073442,65.3215692799313,0,0,4888.76984238876,1129.46932912339,1.88276409137106,0,70.1018449751255,0,17546.7921636381,291.198323004618,0,0,0,0,9.04124275080376,0,0,0,266.253816139206,0,101697.061614221,400.28106334392,20319.4638056088,0,0,47061.9496274273,17124.2488758758,696.936507364421,0,686.719339407469,0,272296.638403643,12570.7018228211,48.5755045711218,0,0,29.5103589002926,109.433882244984,0,0,0,5555.92780024352,35.4094141709925,511311.9,103415.451138556,412.145891840616,20650.3647139948,0,0,52042.5025099384,18296.7459098059,711.243021867173,0,763.676176160196,0,291804.165125448,12878.0133400086,48.5755045711218,0,0,29.5103589002926,119.388904988446,0,0,0,10104.9343068062,35.4094141709925,8046.25895033167,0,24633.0093468815,478632.858019843,32679.3,6.4
"32","Kenya","Nandi",13543.8057290551,132.105665106225,882.834452609028,0,0.137628001675129,783.990075275401,29.2586954356811,16.3365940371641,0,41.3027807440622,0,4146.74702038038,1140.51084192921,397.191917258086,8.20411489966057,0,0.292910402140981,2.20313537332993,4941.57347298472,0,0,11764.3360133642,0,0,0,0,0,0,0,0,0,0,0,0,0,0,0,0,0,0,0,0,0,0,0,0,41438.7740603733,571.354603400857,1528.05809418934,0,0.163229753579607,480.957322508205,0,10.4529600208664,0,197.625265930082,0,10237.8321863753,1747.8010429171,2514.32679936835,68.305990854709,0,3.5102797231827,167.405189589136,227148.384534877,54.0918131893993,0,27356.5157205948,2.42059682352788,13920.360063918,14.7188301825322,568.331588179125,0,0,2876.67629017197,198.422235135031,2.98349511229019,0,61.1371008477825,0,3735.23238945247,21.9071785500309,0,0,0,0.225842397267616,0,505.603385063223,0,0,6390.41393671636,0,379654.7,68902.9398533464,718.179098689615,2979.2241349775,0,0.300857755254736,4141.62368795558,227.680930570712,29.7730491703207,0,300.065147521927,0,18119.8115962082,2910.21906339634,2911.51871662644,76.5101057543696,0,4.0290325225913,169.608324962466,232595.561392925,54.0918131893993,0,45511.2656706754,2.42059682352788,37830.8310468561,0,313527.979690489,28296.0123357261,351358.7,92.5
"33","Kenya","Narok",18076.0701643994,80.4439872639056,405.075067664616,0,0,2026.42019718327,791.762751920593,0,0,313.279193693757,0,6921.63740394719,0,0,0,0,0,40.6102468150448,0,0,0,634.00006010403,0.0364951760759444,691.074760994932,0.21322566085413,103.175733005433,0,0,8374.15815259319,1940.38580724393,0,0,9.88659378264717,0,14618.2933131201,40.9587302253931,0,0,0,0,1.34819989900156,0,0,0,0,0,69398.4418015258,1165.93847431444,2020.58620874295,3.39405712859897,2.035288832761,24023.9011681554,6246.58370902518,32.6614157549172,0,321.20195009784,17.6678075210402,56186.2865786921,1635.67104626058,1869.80941793902,3.32161195443916,0,5.39330950029311,36.4324115108612,48935.422079879,0.113979002224565,0,821.572348841302,27.5021089740939,72554.6290338506,219.022707091684,3987.85640293155,0,0,76649.9223592125,14976.23111836,3.63172647594028,0,59.4639355645482,2.24436364561241,106453.613059266,610.576471614508,0.132390005340651,0,0,4.27951255454888,3.34413325814009,595.353091885045,0,0,175.08126219889,54.9912137519255,544173.2,160720.215760771,1465.61839433088,6516.69341234455,3.39405712859897,2.035288832761,111074.401877144,23954.9633865497,36.2931422308574,0,703.831673138792,19.9121711666526,184179.830355025,2287.20624810048,1869.94180794436,3.32161195443916,0,9.67282205484199,81.7349914830476,49530.775171764,0.113979002224565,0,1630.65367114422,82.5298179020954,29289.3355681678,25779.4945165255,212753.936773653,276350.372781666,242043.3,44.5
"34","Kenya","Nyamira",54089.808071716,616.740865240219,65.0502440977507,0,0.851864456778145,0.341950017477572,0,1.51715201577949,0,297.31045487824,0,6457.02541268622,113.226062009762,0,0,0,0.880695190694141,217.183815814909,0,0,0,20952.814377878,6.01885226316261,0,0,0,0,0,0,0,0,0,0,0,0,0,0,0,0,0,0,0,0,0,0,0,6380.47867926297,325.777418984468,0,0,7.35310036793732,0,0,0,0,1534.65563126458,0,1088.65071333013,0,6185.89425716088,71.4394202412032,0,395.117684514733,79.7076007914242,866.580163683539,47.8817219944085,0,4455.78596461599,0,0,0,0,0,0,0,0,0,0,0,0,0,0,0,0,0,0,0,0,0,0,0,0,104258,60470.286750979,942.518284224687,65.0502440977507,0,8.20496482471546,0.341950017477572,0,1.51715201577949,0,1831.96608614282,0,7545.67612601636,113.226062009762,6185.89425716088,71.4394202412032,0,395.998379705427,296.891416606333,866.580163683539,47.8817219944085,0,25408.600342494,6.01885226316261,82818.7698182651,0,21439.3223562123,0,104258,100
"35","Kenya","Nyandarua",0,0,0,0,0,0,0,0,0,0,0,0,0,0,0,0,0,0,0,0,0,0,0,0,0,0,0,0,165.599908112812,0,0,0,0,0,4364.47990648919,6669.91749905125,44.0989814011535,0,0,0,0,0,0,0,0,0,0,0,0,0,0,108.495558335654,0,0,0,0,0,13169.2095480505,2602.8256089252,13.210161252031,0,0,0,0,0,0,0,0,0,23780.223319535,29.2131856036207,2394.16826197681,0,0,10397.1170142438,536.468880292458,20.8244971174659,0,50.7274229800533,0,209318.142245702,119809.1139157,671.744698145462,0,0,0.219075999002322,6.00740775878859,0,0,0,81.4186635140022,0.326267997305289,394233.6,23780.223319535,29.2131856036207,2394.16826197681,0,0,10671.2124806922,536.468880292458,20.8244971174659,0,50.7274229800533,0,226851.831700242,129081.857023676,729.053840798647,0,0,0.219075999002322,6.00740775878859,0,0,0,81.4186635140022,0.326267997305289,0,11244.0962950544,15893.7408765634,367095.714856566,15893.7,4
"36","Kenya","Nyeri",3757.09239575562,8.00900378909851,1600.54618397228,0,0,2825.15910099132,0,378.156478486019,0,0,0,70525.7332833499,17.5878411398454,0,0,0,0,0,0,0,0,7272.86638419216,0,2330.64227408388,6.30033383963362,960.399500522977,0,0,254.918829685257,0,292.345738466909,0,0,0,16873.5386320264,0,0,0,0,0,0,0,0,0,3302.20214994694,0,10936.8775346607,20.1885545161264,3757.71882354553,0,0.0749980029937327,1648.78825604306,0,1451.18924126391,0,0,0,66966.8596991843,23226.49132836,1.31825406262344,0,0,0,0,0,0,0,6420.77013166773,0,32135.0917431945,68.6786767956484,8735.50088451906,0,0.0190904008082211,6082.24598280125,43.341890348185,2592.82066067478,0,4.33962597336288,0,171231.735994991,388.443101186167,2.42101808631492,0,0,0.221520229594915,0,0,0,0,10977.5079384604,0,457098.1,49159.7039476946,103.176568940507,15054.1653925599,0,0.0940884038019538,10811.1121695209,43.341890348185,4714.51211889162,0,4.33962597336288,0,325597.867609552,23632.5222706861,3.73927214893835,0,0,0.221520229594915,0,0,0,0,27973.3466042672,0,86385.1506716762,24020.347458572,114430.276821307,232262.368127661,200815.4,43.9
"37","Kenya","Samburu",0,0,0,0,0,0,0,0,0,0,0,0,0,0,0,0,0,0,0,0,0,0,0,0,0,0,0,0,0,0,0,0,0,0,0,0,0,0,0,0,0,0,0,0,0,0,684.822416375462,8.23175290694822,20.9721340323208,0,0,0,0,0,0,3.51745680696867,0,0,7.48641456333233,0,0,0,0,29.031998825522,0,0,0,0,0,3892.44018797712,32.7365992165739,26.5655732091232,0,0,1178.3323272327,2218.47407922797,0,0,8.42313027128048,0,955.806899426734,17.918206046969,0,0,0,0,54.1718036960023,0,0,0,0,0,9138.9,4577.26260435259,40.9683521235221,47.537707241444,0,0,1178.3323272327,2218.47407922797,0,0,11.9405870782492,0,955.806899426734,25.4046206103014,0,0,0,0,83.2038025215242,0,0,0,0,0,0,0,754.062173510554,8384.86880630447,754.1,8.3
"38","Kenya","Siaya",6350.67075710824,720.654289792861,0,0,0,0,0,0,0,37.1862205524399,0,10.3644512442474,0,6277.71794722162,21.2261731234131,0,0,100.743556450038,13760.0866093576,12.6564001947881,0,0,0,0,0,0,0,0,0,0,0,0,0,0,0,0,0,0,0,0,0,0,0,0,0,0,50211.259291891,5243.99079137654,1709.19710399474,0,0,0,0,0,0,295.222593457313,0,94.406287642338,4923.11703351725,33287.5467147127,165.765261477513,0,7.4025811788476,512.415463641429,129433.764013673,118.921339843694,0,0,8.12104264922553,23525.5061382272,4083.2269658176,58.0379766076708,0,0,0,0,0,0,191.460996751784,0,197.629886552168,184.360736876737,16187.4338974498,50.1503815610467,0,0.606463141080667,90.2093496655301,13748.5660392945,219.023068084231,0,0,0.298915174962092,311839,80087.4361872264,10047.872046987,1767.23508060241,0,0,0,0,0,0,523.869810761537,0,302.400625438754,5107.47777039399,55752.6985593841,237.141816161973,0,8.00904431992826,703.368369756997,156942.416662325,350.600808122713,0,0,8.41995782418762,27291.3064050452,0,226011.129519055,58536.5108152043,253302.5,81.2
"39","Kenya","Taita Taveta",0,0,0,0,0,0,0,0,0,0,0,0,0,0,0,0,0,0,0,0,0,0,0,0,0,0,0,0,0,0,0,0,0,0,0,0,0,0,0,0,0,0,0,0,0,0,2704.49207149258,610.026633591165,261.983811069563,0,66.455984258962,0,0,0,0,2.49834169760512,0,0,351.670760555196,750.487234009373,106.499390729371,24.0351443409347,0,0,0,0,0,0,0,28197.6175859919,3197.13171410727,1646.85019821369,0,28.2864201162689,0,0,294.302136195847,0,29.587479390276,109.528054291567,0,2979.45386562669,4771.27831261052,754.862913582266,340.394737090654,0,46.689058648373,0,14.1416729021897,0,0,0,47288.3,30902.1096574844,3807.15834769843,1908.83400928325,0,94.7424043752309,0,0,294.302136195847,0,32.0858210878812,109.528054291567,0,3331.12462618189,5521.76554661989,861.362304311638,364.429881431588,0,46.689058648373,0,14.1416729021897,0,0,0,0,0,4878.14937174475,42410.1241487675,4878.1,10.3
"40","Kenya","Tana River",0,0,0,0,0,0,0,0,0,0,0,0,0,0,0,0,0,0,0,0,0,0,0,0,0,0,0,0,0,0,0,0,0,0,0,0,0,0,0,0,0,0,0,0,0,0,0,0,0,0,0,0,0,0,0,0,0,0,0,0,0,0,0,0,0,0,0,0,0,3299.96065235389,561.935781448064,14.3327539791201,0,0,0,0,0,0,4.23040005586821,0,0,247.28368964384,375.628789395672,149.047098247616,0.0294390010610819,0,0,0,0,0,0,0,4652.4,3299.96065235389,561.935781448064,14.3327539791201,0,0,0,0,0,0,4.23040005586821,0,0,247.28368964384,375.628789395672,149.047098247616,0.0294390010610819,0,0,0,0,0,0,0,0,0,0,4652.44860412513,0,0
"41","Kenya","Tharaka-Nithi",6234.99051393088,71.6575372717252,1519.4160197938,0,0,0,0,400.399430300622,0,0,0,7348.32555789326,0,0,0,0,0,0,0,0,0,4592.59283076204,54.2781304053956,0,0,0,0,0,0,0,0,0,0,0,0,0,0,0,0,0,0,0,0,0,0,0,23819.2828224343,606.815893075644,5327.11783915228,0,0,20.8996206749725,5.66081971767426,1954.72827950519,0,1197.70896189409,0,299.392207687148,429.63342835509,278.718877507506,305.59277456165,132.242590227452,0,152.833511018109,0,99.54282108812,0,982.596220188377,523.538586609268,30732.4361479917,7643.55456354181,6653.32157294193,0,0,0,0,1144.57858073269,0,8009.18082611901,0,0,1952.36232641078,6433.44357243777,5941.56223596683,3372.81577565128,0,158.68075392541,0,3289.76378398015,0,214.316426462689,683.74216034507,132587.7,60786.7094843568,8322.02799388918,13499.855431888,0,0,20.8996206749725,5.66081971767426,3499.7062905385,0,9206.8897880131,0,7647.71776558041,2381.99575476587,6712.16244994528,6247.15501052848,3505.05836587873,0,311.514264943519,0,3389.30660506827,0,5789.50547741311,1261.55887735973,20221.6600203577,0,36136.3052536969,76229.7587265071,56358,42.5
"42","Kenya","Trans Nzoia",1526.13534150936,1.72266331454645,160.275840064107,0,0,119.567768666609,0,6.96211544291236,0,20.7310964839671,0,1010.2199445391,421.179031699663,0,0,0,0,0.603640207772472,0,0,0,0,0.451829279823954,0,0,0,0,0,0,0,0,0,0,0,0,0,0,0,0,0,0,0,0,0,0,0,13178.9078007452,106.323684727901,1644.84996937284,0,0,638.300943309003,0,34.2997451226576,0,110.395841065762,0,6855.79191035868,1513.41406559343,0,0,0,0,4.15754853220155,0,0,0,0,11.0178365455162,118291.670760596,547.032369478658,12084.9295647344,0,0.320151194738495,3617.23061557409,20.0045442278442,317.559744655354,0,223.953746353487,0,16361.6613600175,6946.5320064801,0,6.76899215279388,0,13.6722844223587,24.8832671061385,7337.53256276227,0,0,0,263.487327695454,193422.6,132996.71390285,655.078717521105,13890.0553741714,0,0.320151194738495,4375.0993275497,20.0045442278442,358.821605220924,0,355.080683903216,0,24227.6732149153,8881.12510377319,0,6.76899215279388,0,13.6722844223587,29.6444558461125,7337.53256276227,0,0,0,274.956993520794,3267.84927120787,0,24097.4593453732,166057.239297451,27365.3,14.1
"43","Kenya","Turkana",0,0,0,0,0,0,0,0,0,0,0,0,0,0,0,0,0,0,0,0,0,0,0,0,0,0,0,0,0,0,0,0,0,0,0,0,0,0,0,0,0,0,0,0,0,0,0,0,0,0,0,0,0,0,0,0,0,0,0,0,0,0,0,0,0,0,0,0,0,6013.80601651278,3972.19540502589,8.03260571392367,0,0,0,0,0,0,343.216484061196,0.308185328086667,0,1028.95130134535,1.72709124566603,73.3648390259797,0,0,19.180371325968,0,0,0,0,7.8725651120227,11468.7,6013.80601651278,3972.19540502589,8.03260571392367,0,0,0,0,0,0,343.216484061196,0.308185328086667,0,1028.95130134535,1.72709124566603,73.3648390259797,0,0,19.180371325968,0,0,0,0,7.8725651120227,0,0,0,11468.6548646969,0,0
"44","Kenya","Uasin Gishu",0,0,0,0,0,0,0,0,0,0,0,0,0,0,0,0,0,0,0,0,0,0,0,1046.21221681652,1.56970800535512,73.4852550752612,0,0,10087.5318094449,511.598025236282,0,0,113.721496296104,0,4543.73117801975,170.830807130823,0,0,0,1.64721562856021,0.305078389588928,805.631766195362,0,0,307.738511423111,0,2867.03703272156,194.769620559673,647.648708553999,0,0.416765576990418,4.59808481870709,0,0,0,3.14372232632408,0,1766.08691784028,1498.94339519535,417.82454130509,15.3365867712926,0,7.42120414958507,0,14998.512669045,0,0,663.499083623174,0.52284475950141,111765.367579821,726.947817242654,10281.2618470646,0,0.103752005171359,61186.9451214293,4766.9404731305,92.190276346729,0,421.069471072346,0,54070.575075342,1527.14298176883,0,3.5709335292901,0,7.84879579495209,1.91839397736595,20414.2825788513,0,0,2169.96827992746,8.32269991272684,308194.3,115678.616829359,923.287145807683,11002.3958106938,0,0.520517582161776,71279.0750156928,5278.53849836678,92.190276346729,0,537.934689694774,0,60380.393171202,3196.91718409501,417.82454130509,18.9075203005827,0,16.9172155730974,2.22347236695487,36218.4270140917,0,0,3141.20587497375,8.84554467222825,0,17664.0030676616,23085.7611772465,267444.456077216,23085.8,7.5
"45","Kenya","Vihiga",2094.46400743739,139.300529277069,718.096877017306,0,0.128452806120825,0,0,0,0,10.7534336260807,0,1064.82803290238,1057.07080365779,671.392503043848,14.8267990834443,0,1.18621039652973,11.6125096850584,11965.0730109387,0,0,251.975952094559,0,0,0,0,0,0,0,0,0,0,0,0,0,0,0,0,0,0,0,0,0,0,0,0,51469.4479302714,3925.7118469366,8048.95406987492,0,0.192679197787809,6.44760518811722,0,0,0,58.5088722140187,0,6087.71323100283,24023.5565846126,22119.5118460184,312.250229745053,0,15.3227085515001,567.950684221415,260456.001437925,87.8094321609871,0,1080.69703334079,14.7956173184722,0,0,0,0,0,0,0,0,0,0,0,0,0,0,0,0,0,0,0,0,0,0,0,396275.6,53563.9119377088,4065.01237621367,8767.05094689222,0,0.321132003908634,6.44760518811722,0,0,0,69.2623058400994,0,7152.54126390522,25080.6273882704,22790.9043490622,327.077028828497,0,16.5089189480298,579.563193906473,272421.074448864,87.8094321609871,0,1332.67298543535,14.7956173184722,18000.7091219663,0,378274.87180858,0,396275.6,100
"46","Kenya","Wajir",0,0,0,0,0,0,0,0,0,0,0,0,0,0,0,0,0,0,0,0,0,0,0,0,0,0,0,0,0,0,0,0,0,0,0,0,0,0,0,0,0,0,0,0,0,0,0,0,0,0,0,0,0,0,0,0,0,0,0,0,0,0,0,0,0,0,0,0,0,4097.28713758904,1005.25215057873,21.3077265299398,0,0,0,0,0,0,2.89911281330455,0,0,0,0,50.9447419018412,0.129947722452202,0,0,0,0,0,0,0,5177.8,4097.28713758904,1005.25215057873,21.3077265299398,0,0,0,0,0,0,2.89911281330455,0,0,0,0,50.9447419018412,0.129947722452202,0,0,0,0,0,0,0,0,0,0,5177.82081713531,0,0
"47","Kenya","West Pokot",582.568695549858,44.7640482639419,460.494914676397,0,0,31.3527997049579,0,0,0,133.668070992014,0,16835.5821567598,0,0,0,0,0,0,0,0,0,0,0.20824557679596,0,0,0,0,0,0,0,0,0,0,0,0,0,0,0,0,0,0,0,0,0,0,0,4171.24006599939,276.678011583429,909.494499679106,0,0,35.2702364854405,0,2.54592566956467,0,97.7016333710248,0,14055.7852023773,6.5419198399353,0,0,0,0.113022000837207,0.09414720305233,0,0,0,0,0.830122200965189,29733.8135689097,1522.84344497698,2388.17376759455,0,0,99.090023925621,0,23.1459797707829,0,961.517095700614,0,1735.58159232808,1091.8737829743,7.18980409469555,7.44266560033662,0,6.10614218248414,117.829244889843,0,0,0,0,89.1623557685328,75428.7,34487.622330459,1844.28550482435,3758.16318195005,0,0,165.713060116019,0,25.6919054403476,0,1192.88680006365,0,32626.9489514652,1098.41570281424,7.18980409469555,7.44266560033662,0,6.21916418332135,117.923392092895,0,0,0,0,90.200723546294,18088.6389315238,0,19556.29478641,37783.7694687165,37644.9,49.9
