"","COUNTRY","NAME_1","MAIZ_add_t_l_ph_h_hp","SORG_add_t_l_ph_h_hp","BEAN_add_t_l_ph_h_hp","CHIC_add_t_l_ph_h_hp","LENT_add_t_l_ph_h_hp","WHEA_add_t_l_ph_h_hp","BARL_add_t_l_ph_h_hp","ACOF_add_t_l_ph_h_hp","RCOF_add_t_l_ph_h_hp","PMIL_add_t_l_ph_h_hp","SMIL_add_t_l_ph_h_hp","POTA_add_t_l_ph_h_hp","SWPO_add_t_l_ph_h_hp","CASS_add_t_l_ph_h_hp","COWP_add_t_l_ph_h_hp","PIGE_add_t_l_ph_h_hp","SOYB_add_t_l_ph_h_hp","GROU_add_t_l_ph_h_hp","SUGC_add_t_l_ph_h_hp","COTT_add_t_l_ph_h_hp","COCO_add_t_l_ph_h_hp","TEAS_add_t_l_ph_h_hp","TOBA_add_t_l_ph_h_hp","MAIZ_add_t_l_ph_l_hp","SORG_add_t_l_ph_l_hp","BEAN_add_t_l_ph_l_hp","CHIC_add_t_l_ph_l_hp","LENT_add_t_l_ph_l_hp","WHEA_add_t_l_ph_l_hp","BARL_add_t_l_ph_l_hp","ACOF_add_t_l_ph_l_hp","RCOF_add_t_l_ph_l_hp","PMIL_add_t_l_ph_l_hp","SMIL_add_t_l_ph_l_hp","POTA_add_t_l_ph_l_hp","SWPO_add_t_l_ph_l_hp","CASS_add_t_l_ph_l_hp","COWP_add_t_l_ph_l_hp","PIGE_add_t_l_ph_l_hp","SOYB_add_t_l_ph_l_hp","GROU_add_t_l_ph_l_hp","SUGC_add_t_l_ph_l_hp","COTT_add_t_l_ph_l_hp","COCO_add_t_l_ph_l_hp","TEAS_add_t_l_ph_l_hp","TOBA_add_t_l_ph_l_hp","MAIZ_add_t_h_ph_h_hp","SORG_add_t_h_ph_h_hp","BEAN_add_t_h_ph_h_hp","CHIC_add_t_h_ph_h_hp","LENT_add_t_h_ph_h_hp","WHEA_add_t_h_ph_h_hp","BARL_add_t_h_ph_h_hp","ACOF_add_t_h_ph_h_hp","RCOF_add_t_h_ph_h_hp","PMIL_add_t_h_ph_h_hp","SMIL_add_t_h_ph_h_hp","POTA_add_t_h_ph_h_hp","SWPO_add_t_h_ph_h_hp","CASS_add_t_h_ph_h_hp","COWP_add_t_h_ph_h_hp","PIGE_add_t_h_ph_h_hp","SOYB_add_t_h_ph_h_hp","GROU_add_t_h_ph_h_hp","SUGC_add_t_h_ph_h_hp","COTT_add_t_h_ph_h_hp","COCO_add_t_h_ph_h_hp","TEAS_add_t_h_ph_h_hp","TOBA_add_t_h_ph_h_hp","MAIZ_add_t_h_ph_l_hp","SORG_add_t_h_ph_l_hp","BEAN_add_t_h_ph_l_hp","CHIC_add_t_h_ph_l_hp","LENT_add_t_h_ph_l_hp","WHEA_add_t_h_ph_l_hp","BARL_add_t_h_ph_l_hp","ACOF_add_t_h_ph_l_hp","RCOF_add_t_h_ph_l_hp","PMIL_add_t_h_ph_l_hp","SMIL_add_t_h_ph_l_hp","POTA_add_t_h_ph_l_hp","SWPO_add_t_h_ph_l_hp","CASS_add_t_h_ph_l_hp","COWP_add_t_h_ph_l_hp","PIGE_add_t_h_ph_l_hp","SOYB_add_t_h_ph_l_hp","GROU_add_t_h_ph_l_hp","SUGC_add_t_h_ph_l_hp","COTT_add_t_h_ph_l_hp","COCO_add_t_h_ph_l_hp","TEAS_add_t_h_ph_l_hp","TOBA_add_t_h_ph_l_hp","total","MAIZ_add_t_profit","SORG_add_t_profit","BEAN_add_t_profit","CHIC_add_t_profit","LENT_add_t_profit","WHEA_add_t_profit","BARL_add_t_profit","ACOF_add_t_profit","RCOF_add_t_profit","PMIL_add_t_profit","SMIL_add_t_profit","POTA_add_t_profit","SWPO_add_t_profit","CASS_add_t_profit","COWP_add_t_profit","PIGE_add_t_profit","SOYB_add_t_profit","GROU_add_t_profit","SUGC_add_t_profit","COTT_add_t_profit","COCO_add_t_profit","TEAS_add_t_profit","TOBA_add_t_profit","l_ph_h_hp","l_ph_l_hp","h_ph_h_hp","h_ph_l_hp","high_hp","high_hp_perc"
"1","Kenya","Baringo",0,0,0,0,0,0,0,0,0,0,0,0,0,0,0,0,0,0,0,0,0,0,0,0,0,0,0,0,0,0,0,0,0,0,0,0,0,0,0,0,0,0,0,0,0,0,0,0,0,0,0,0,0,0,0,0,0,0,0,0,0,0,0,0,0,0,0,0,0,0,0,0,0,0,0,0,0,0,0,0,0,0,0,0,0,0,0,0,0,0,0,0,0,0,0,0,0,0,0,0,0,0,0,0,0,0,0,0,0,0,0,0,0,0,0,0,0,0,0,0,0,NA
"2","Kenya","Bomet",0,0,0,0,0,0,0,0,0,0,0,140.443743380082,0,0,0,0,0,0,0,0,0,0,0,0,0,0,0,0,0,0,0,0,0,0,0,0,0,0,0,0,0,0,0,0,0,0,0,0,0,0,0,0,0,0,0,0,0,1339.4960855276,260.244215214523,0,0,0,0,12.9145363171484,0,0,0,0,0,0,0,0,0,0,0,0,0,0,0,0,0,0,0,0,0,0,0,0,0,0,0,0,1753.1,0,0,0,0,0,0,0,0,0,0,0,1479.93982890769,260.244215214523,0,0,0,0,12.9145363171484,0,0,0,0,0,140.443743380082,0,1612.65483705928,0,1753.1,100
"3","Kenya","Bungoma",0,0,0,0,0,0,0,0,0,0,0,0,0,0,0,0,0,0,0,0,0,0,0,0,0,0,0,0,0,0,0,0,0,0,0,0,0,0,0,0,0,0,0,0,0,0,0,0,0,0,0,0,0,0,0,0,0,922.283066730784,1743.31891803612,0,0,0,0,0,0,0,0,0,0,0,0,0,0,0,0,0,0,0,0,0,0,0,0,0,0,0,0,0,0,0,0,0,2665.6,0,0,0,0,0,0,0,0,0,0,0,922.283066730784,1743.31891803612,0,0,0,0,0,0,0,0,0,0,0,0,2665.60198476691,0,2665.6,100
"4","Kenya","Busia",0,0,0,0,0,0,0,0,0,0,0,0.285251290543044,634.040305679624,0,0,0,0,31.7655877847671,0,0,0,0,0,0,0,0,0,0,0,0,0,0,0,0,0,0,0,0,0,0,0,0,0,0,0,0,0,0,0,0,0,0,0,0,0,0,0,1.15411818797983,1984.70044625699,0,0,0,0,40.7152428564891,0,0,0,0,0,0,0,0,0,0,0,0,0,0,0,0,0,0,0,0,0,0,0,0,0,0,0,0,2692.7,0,0,0,0,0,0,0,0,0,0,0,1.43936947852288,2618.74075193662,0,0,0,0,72.4808306412563,0,0,0,0,0,666.091144754934,0,2026.56980730146,0,2692.7,100
"5","Kenya","Elgeyo-Marakwet",0,0,0,0,0,0,0,0,0,0,0,5738.76014779161,9.16295887981075,0,0,0,0,0,0,0,0,0,0,0,0,0,0,0,0,0,0,0,0,0,0,0,0,0,0,0,0,0,0,0,0,0,0,0,0,0,0,0,0,0,0,0,0,511.633568485837,0,0,0,0,0,0,0,0,0,0,0,0,0,0,0,0,0,0,0,0,0,0,0,0,0,0,0,0,0,0,0,0,0,0,6259.6,0,0,0,0,0,0,0,0,0,0,0,6250.39371627745,9.16295887981075,0,0,0,0,0,0,0,0,0,0,5747.92310667143,0,511.633568485837,0,6259.6,100
"6","Kenya","Embu",0,0,0,0,0,0,0,0,0,0,0,363.64745592064,0,0,0,0,0,0,0,0,0,0,0,0,0,0,0,0,0,0,0,0,0,0,0,0,0,0,0,0,0,0,0,0,0,0,0,0,0,0,0,0,0,0,0,0,0,0,0,0,0,0,0,0,0,0,0,0,0,0,0,0,0,0,0,0,0,0,0,0,0,0,0,0,0,0,0,0,0,0,0,0,363.6,0,0,0,0,0,0,0,0,0,0,0,363.64745592064,0,0,0,0,0,0,0,0,0,0,0,363.64745592064,0,0,0,363.6,100
"7","Kenya","Garissa",0,0,0,0,0,0,0,0,0,0,0,0,0,0,0,0,0,0,0,0,0,0,0,0,0,0,0,0,0,0,0,0,0,0,0,0,0,0,0,0,0,0,0,0,0,0,0,0,0,0,0,0,0,0,0,0,0,0,0,0,0,0,0,0,0,0,0,0,0,0,0,0,0,0,0,0,0,0,0,0,0,0,0,0,0,0,0,0,0,0,0,0,0,0,0,0,0,0,0,0,0,0,0,0,0,0,0,0,0,0,0,0,0,0,0,0,0,0,0,0,0,NA
"8","Kenya","Homa Bay",0,0,0,0,2.15053342078491,0,0,0,0,0,0,141.358066122557,0,0,0,0,0,0,0,0,0,0,0,0,0,0,0,0,0,0,0,0,0,0,0,0,0,0,0,0,0,0,0,0,0,0,0,0,0,0,0,0,0,0,0,0,0,244.696675669607,107.711792393002,0,0,0,0,0,0,0,0,0,0,0,0,0,0,0,0,0,0,0,0,0,0,0,0,0,0,0,0,0,0,0,0,0,495.9,0,0,0,0,2.15053342078491,0,0,0,0,0,0,386.054741792164,107.711792393002,0,0,0,0,0,0,0,0,0,0,143.508599543342,0,352.408468062609,0,495.9,100
"9","Kenya","Isiolo",0,0,0,0,0,0,0,0,0,0,0,0,0,0,0,0,0,0,0,0,0,0,0,0,0,0,0,0,0,0,0,0,0,0,0,0,0,0,0,0,0,0,0,0,0,0,0,0,0,0,0,0,0,0,0,0,0,0,0,0,0,0,0,0,0,0,0,0,0,0,0,0,0,0,0,0,0,0,0,0,0,0,0,0,0,0,0,0,0,0,0,0,0,0,0,0,0,0,0,0,0,0,0,0,0,0,0,0,0,0,0,0,0,0,0,0,0,0,0,0,0,NA
"10","Kenya","Kajiado",0,0,0,0,0,0,0,0,0,0,0,0,0,0,0,0,0,0,0,0,0,0,0,0,0,0,0,0,0,0,0,0,0,0,0,0,0,0,0,0,0,0,0,0,0,0,0,0,0,0,0,0,0,0,0,0,0,0,0,0,0,0,0,0,0,0,0,0,0,0,0,0,0,0,0,0,0,0,0,0,0,0,0,0,0,0,0,0,0,0,0,0,0,0,0,0,0,0,0,0,0,0,0,0,0,0,0,0,0,0,0,0,0,0,0,0,0,0,0,0,0,NA
"11","Kenya","Kakamega",0,0,0,0,0,0,0,0,0,0,0,1187.97424141361,3535.25169449728,0,0,0,0,66.9560368091697,0,0,0,0,0,0,0,0,0,0,0,0,0,0,0,0,0,0,0,0,0,0,0,0,0,0,0,0,0,0,0,0,0.327796888245466,0,0,0,0,0,0,1335.574895748,5522.39262191936,0,0,0,0,82.5200234288932,0,0,0,0,0,0,0,0,0,0,0,0,0,0,0,0,0,0,0,0,0,0,0,0,0,0,0,0,11730.9,0,0,0,0,0.327796888245466,0,0,0,0,0,0,2523.54913716161,9057.64431641664,0,0,0,0,149.476060238063,0,0,0,0,0,4790.18197272006,0,6940.8153379845,0,11730.9,100
"12","Kenya","Kericho",0,0,0,0,0,0,0,0,0,0,0,0,0,0,0,0,0,0,0,0,0,0,0,0,0,0,0,0,0,0,0,0,0,0,0,0,0,0,0,0,0,0,0,0,0,0,0,0,0,0,0,0,0,0,0,0,0,0,0,0,0,0,0,0,0,0,0,0,0,0,0,0,0,0,0,0,0,0,0,0,0,0,0,0,0,0,0,0,0,0,0,0,0,0,0,0,0,0,0,0,0,0,0,0,0,0,0,0,0,0,0,0,0,0,0,0,0,0,0,0,0,NA
"13","Kenya","Kiambu",0,0,0,0,0,0,0,0,0,0,0,772.474379496882,1.89132048925153,0,0,0,0,0,0,0,0,0,0,0,0,0,0,0,0,0,0,0,0,0,0,0,0,0,0,0,0,0,0,0,0,0,0,0,58.2212360911763,0,0,0,0,0,0,0,0,1123.94060171669,30.4009172336214,0,0,0,0,0,0,0,0,0,0,0,0,0,0,0,0,0,0,0,0,0,0,0,0,0,0,0,0,0,0,0,0,0,1987,0,0,58.2212360911763,0,0,0,0,0,0,0,0,1896.41498121357,32.2922377228729,0,0,0,0,0,0,0,0,0,0,774.365699986133,0,1212.56275504149,0,1987,100
"14","Kenya","Kilifi",0,0,0,0,0,0,0,0,0,0,0,0,0,0,0,0,0,0,0,0,0,0,0,0,0,0,0,0,0,0,0,0,0,0,0,0,0,0,0,0,0,0,0,0,0,0,0,0,0,0,0,0,0,0,0,0,0,0,0,0,0,0,0,0,0,0,0,0,0,0,0,0,0,0,0,0,0,0,0,0,0,0,0,0,0,0,0,0,0,0,0,0,0,0,0,0,0,0,0,0,0,0,0,0,0,0,0,0,0,0,0,0,0,0,0,0,0,0,0,0,0,NA
"15","Kenya","Kirinyaga",0,0,0,0,0,0,0,0,0,0,0,524.907456263696,0,0,0,0,0,0,0,0,0,0,0,0,0,0,0,0,0,0,0,0,0,0,0,0,0,0,0,0,0,0,0,0,0,0,0,0,0,0,0,0,0,0,0,0,0,0,0,0,0,0,0,0,0,0,0,0,0,0,0,0,0,0,0,0,0,0,0,0,0,0,0,0,0,0,0,0,0,0,0,0,524.9,0,0,0,0,0,0,0,0,0,0,0,524.907456263696,0,0,0,0,0,0,0,0,0,0,0,524.907456263696,0,0,0,524.9,100
"16","Kenya","Kisii",0,0,0,0,9.29748304310522,0,0,0,0,0,0,989.422972060577,0,0,0,0,0,0,0,0,0,0,0,0,0,0,0,0,0,0,0,0,0,0,0,0,0,0,0,0,0,0,0,0,0,0,0,0,0,0,0,0,0,0,0,0,0,432.173799643668,0,0,0,0,0,0,0,0,0,0,0,0,0,0,0,0,0,0,0,0,0,0,0,0,0,0,0,0,0,0,0,0,0,0,1430.9,0,0,0,0,9.29748304310522,0,0,0,0,0,0,1421.59677170425,0,0,0,0,0,0,0,0,0,0,0,998.720455103683,0,432.173799643668,0,1430.9,100
"17","Kenya","Kisumu",0,0,0,0,0,0,0,0,0,0,0,0,0,0,0,0,0,0,0,0,0,0,0,0,0,0,0,0,0,0,0,0,0,0,0,0,0,0,0,0,0,0,0,0,0,0,0,0,0,0,0,0,0,0,0,0,0,1.54612036636704,258.115772128858,0,0,0,0,0,0,0,0,0,0,0,0,0,0,0,0,0,0,0,0,0,0,0,0,0,0,0,0,0,0,0,0,0,259.7,0,0,0,0,0,0,0,0,0,0,0,1.54612036636704,258.115772128858,0,0,0,0,0,0,0,0,0,0,0,0,259.661892495225,0,259.7,100
"18","Kenya","Kitui",0,0,0,0,0,0,0,0,0,0,0,0,0,0,0,0,0,0,0,0,0,0,0,0,0,0,0,0,0,0,0,0,0,0,0,0,0,0,0,0,0,0,0,0,0,0,0,0,0,0,0,0,0,0,0,0,0,0,1.39354009513261,0,0,0,0,0,0,0,0,0,0,0,0,0,0,0,0,0,0,0,0,0,0,0,0,0,0,0,0,0,0,0,0,0,1.4,0,0,0,0,0,0,0,0,0,0,0,0,1.39354009513261,0,0,0,0,0,0,0,0,0,0,0,0,1.39354009513261,0,1.4,100
"19","Kenya","Kwale",0,0,0,0,0,0,0,0,0,0,0,0,0,0,0,0,0,0,0,0,0,0,0,0,0,0,0,0,0,0,0,0,0,0,0,0,0,0,0,0,0,0,0,0,0,0,0,0,0,0,0,0,0,0,0,0,0,0,0,0,0,0,0,0,0,0,0,0,0,0,0,0,0,0,0,0,0,0,0,0,0,0,0,0,0,0,0,0,0,0,0,0,0,0,0,0,0,0,0,0,0,0,0,0,0,0,0,0,0,0,0,0,0,0,0,0,0,0,0,0,0,NA
"20","Kenya","Laikipia",0,0,0,0,0,0,0,0,0,0,0,0,0,0,0,0,0,0,0,0,0,0,0,0,0,0,0,0,0,0,0,0,0,0,0,0,0,0,0,0,0,0,0,0,0,0,0,0,0,0,0,0,0,0,0,0,0,0,0,0,0,0,0,0,0,0,0,0,0,0,0,0,0,0,0,0,0,0,0,0,0,0,0,0,0,0,0,0,0,0,0,0,0,0,0,0,0,0,0,0,0,0,0,0,0,0,0,0,0,0,0,0,0,0,0,0,0,0,0,0,0,NA
"21","Kenya","Lamu",0,0,0,0,0,0,0,0,0,0,0,0,0,0,0,0,0,0,0,0,0,0,0,0,0,0,0,0,0,0,0,0,0,0,0,0,0,0,0,0,0,0,0,0,0,0,0,0,0,0,0,0,0,0,0,0,0,0,0,0,0,0,0,0,0,0,0,0,0,0,0,0,0,0,0,0,0,0,0,0,0,0,0,0,0,0,0,0,0,0,0,0,0,0,0,0,0,0,0,0,0,0,0,0,0,0,0,0,0,0,0,0,0,0,0,0,0,0,0,0,0,NA
"22","Kenya","Machakos",0,0,0,0,0,0,0,0,0,0,0,0,0,0,0,0,0,0,0,0,0,0,0,0,0,0,0,0,0,0,0,0,0,0,0,0,0,0,0,0,0,0,0,0,0,0,0,0,0,0,178.489849574542,0,0,0,0,0,0,33.9295675984359,1805.56150435235,0,0,0,0,0,0,0,0,0,0,0,0,0,0,0,0,0,0,0,0,0,0,0,0,0,0,0,0,0,0,0,0,0,2018,0,0,0,0,178.489849574542,0,0,0,0,0,0,33.9295675984359,1805.56150435235,0,0,0,0,0,0,0,0,0,0,0,0,2017.98092152533,0,2018,100
"23","Kenya","Makueni",0,0,0,0,0,0,0,0,0,0,0,0,0,0,0,0,0,0,0,0,0,0,0,0,0,0,0,0,0,0,0,0,0,0,0,0,0,0,0,0,0,0,0,0,0,0,0,0,0,0,60.4662773803939,0,0,0,0,0,0,4.08309461519343,110.348571627608,0,0,0,0,0,0,0,0,0,0,0,0,0,0,0,0,0,0,0,0,0,0,0,0,0,0,0,0,0,0,0,0,0,175,0,0,0,0,60.4662773803939,0,0,0,0,0,0,4.08309461519343,110.348571627608,0,0,0,0,0,0,0,0,0,0,0,0,174.897943623195,0,175,100
"24","Kenya","Mandera",0,0,0,0,0,0,0,0,0,0,0,0,0,0,0,0,0,0,0,0,0,0,0,0,0,0,0,0,0,0,0,0,0,0,0,0,0,0,0,0,0,0,0,0,0,0,0,0,0,0,0,0,0,0,0,0,0,0,0,0,0,0,0,0,0,0,0,0,0,0,0,0,0,0,0,0,0,0,0,0,0,0,0,0,0,0,0,0,0,0,0,0,0,0,0,0,0,0,0,0,0,0,0,0,0,0,0,0,0,0,0,0,0,0,0,0,0,0,0,0,0,NA
"25","Kenya","Marsabit",0,0,0,0,0,0,0,0,0,0,0,0,0,0,0,0,0,0,0,0,0,0,0,0,0,0,0,0,0,0,0,0,0,0,0,0,0,0,0,0,0,0,0,0,0,0,0,0,0,0,0,0,0,0,0,0,0,0,0,0,0,0,0,0,0,0,0,0,0,0,0,0,0,0,0,0,0,0,0,0,0,0,0,0,0,0,0,0,0,0,0,0,0,0,0,0,0,0,0,0,0,0,0,0,0,0,0,0,0,0,0,0,0,0,0,0,0,0,0,0,0,NA
"26","Kenya","Meru",0,0,0,0,0,0,0,0,0,0,0,0,0,0,0,0,0,0,0,0,0,0,0,0,0,0,0,0,0,0,0,0,0,0,0,0,0,0,0,0,0,0,0,0,0,0,0,0,0,0,22.0824942097222,0,0,0,0,0,0,0,0,0,0,0,0,0,0,0,0,0,0,0,0,0,0,0,0,0,0,0,0,0,0,0,0,0,0,0,0,0,0,0,0,0,22,0,0,0,0,22.0824942097222,0,0,0,0,0,0,0,0,0,0,0,0,0,0,0,0,0,0,0,0,22.0824942097222,0,22,100
"27","Kenya","Migori",0,0,0,0,0,0,0,0,0,0,0,41.6572549429857,0,0,0,0,0,0,0,0,0,0,0,0,0,0,0,0,0,0,0,0,0,0,0,0,0,0,0,0,0,0,0,0,0,0,0,0,264.549473568608,17.6478283263776,2.11538033726137,0,0,0,0,0,0,1896.62022734501,0,0,0,0,0,0,0,0,0,0,0,0,0,0,0,0,0,0,0,0,0,0,0,0,0,0,0,0,0,0,0,0,0,0,2222.7,0,0,264.549473568608,17.6478283263776,2.11538033726137,0,0,0,0,0,0,1938.277482288,0,0,0,0,0,0,0,0,0,0,0,41.6572549429857,0,2180.93290957726,0,2222.7,100
"28","Kenya","Mombasa",0,0,0,0,0,0,0,0,0,0,0,0,0,0,0,0,0,0,0,0,0,0,0,0,0,0,0,0,0,0,0,0,0,0,0,0,0,0,0,0,0,0,0,0,0,0,0,0,0,0,0,0,0,0,0,0,0,0,0,0,0,0,0,0,0,0,0,0,0,0,0,0,0,0,0,0,0,0,0,0,0,0,0,0,0,0,0,0,0,0,0,0,0,0,0,0,0,0,0,0,0,0,0,0,0,0,0,0,0,0,0,0,0,0,0,0,0,0,0,0,0,NA
"29","Kenya","Murang'a",0,0,450.246008539489,0,0,0,0,0,0,0,0,6206.14634426503,40.1333205708675,0,0,0,0,0,0,0,0,0,0,0,0,0,0,0,0,0,0,0,0,0,0,0,0,0,0,0,0,0,0,0,0,0,0,0,0,0,0,0,0,0,0,0,0,0,0,0,0,0,0,0,0,0,0,0,0,0,0,0,0,0,0,0,0,0,0,0,0,0,0,0,0,0,0,0,0,0,0,0,6696.5,0,0,450.246008539489,0,0,0,0,0,0,0,0,6206.14634426503,40.1333205708675,0,0,0,0,0,0,0,0,0,0,6696.52567337538,0,0,0,6696.5,100
"30","Kenya","Nairobi",0,0,0,0,0,0,0,0,0,0,0,0,0,0,0,0,0,0,0,0,0,0,0,0,0,0,0,0,0,0,0,0,0,0,0,0,0,0,0,0,0,0,0,0,0,0,0,0,0,0,0,0,0,0,0,0,0,0,0,0,0,0,0,0,0,0,0,0,0,0,0,0,0,0,0,0,0,0,0,0,0,0,0,0,0,0,0,0,0,0,0,0,0,0,0,0,0,0,0,0,0,0,0,0,0,0,0,0,0,0,0,0,0,0,0,0,0,0,0,0,0,NA
"31","Kenya","Nakuru",0,0,0,0,0,0,0,0,0,0,0,0,0,0,0,0,0,0,0,0,0,0,0,0,0,0,0,0,0,0,0,0,0,0,0,0,0,0,0,0,0,0,0,0,0,0,0,0,0,0,0,0,0,0,0,0,0,0,0,0,0,0,0,0,0,0,0,0,0,0,0,0,0,0,0,0,0,0,0,0,0,0,0,0,0,0,0,0,0,0,0,0,0,0,0,0,0,0,0,0,0,0,0,0,0,0,0,0,0,0,0,0,0,0,0,0,0,0,0,0,0,NA
"32","Kenya","Nandi",0,0,0,0,0,0,0,0,0,0,0,85.713700423807,0,0,0,0,0,0,0,0,0,0,0,0,0,0,0,0,0,0,0,0,0,0,0,0,0,0,0,0,0,0,0,0,0,0,0,0,0,0,0,0,0,0,0,0,0,149.613445652635,93.610794050056,0,0,0,0,66.8572935368657,0,0,0,0,0,0,0,0,0,0,0,0,0,0,0,0,0,0,0,0,0,0,0,0,0,0,0,0,395.8,0,0,0,0,0,0,0,0,0,0,0,235.327146076442,93.610794050056,0,0,0,0,66.8572935368657,0,0,0,0,0,85.713700423807,0,310.081533239557,0,395.8,100
"33","Kenya","Narok",0,0,0,0,0,0,0,0,0,0,0,294.999690632474,0,0,0,0,0,0,0,0,0,0,0,0,0,0,0,0,0,0,0,0,0,0,0,0,0,0,0,0,0,0,0,0,0,0,0,0,0,0.652953210180549,0,0,0,0,0,0,0,451.90196706161,45.9936089101107,0,0,0,0,10.9901838873052,0,0,0,0,0,0,0,0,0,0,0,0,0,0,0,0,0,0,0,0,0,0,0,0,0,0,0,0,804.6,0,0,0,0.652953210180549,0,0,0,0,0,0,0,746.901657694084,45.9936089101107,0,0,0,0,10.9901838873052,0,0,0,0,0,294.999690632474,0,509.538713069207,0,804.6,100
"34","Kenya","Nyamira",0,0,0,0,0,0,0,0,0,0,0,1256.63791378853,47.47524424529,0,0,0,0,87.5415641248599,0,0,0,0,0,0,0,0,0,0,0,0,0,0,0,0,0,0,0,0,0,0,0,0,0,0,0,0,0,0,0,0,5.24721145456468,0,0,0,0,0,0,190.884497688443,0,0,0,0,0,0,0,0,0,0,0,0,0,0,0,0,0,0,0,0,0,0,0,0,0,0,0,0,0,0,0,0,0,0,1587.7,0,0,0,0,5.24721145456468,0,0,0,0,0,0,1447.52241147697,47.47524424529,0,0,0,0,87.5415641248599,0,0,0,0,0,1391.65472215868,0,196.131709143008,0,1587.7,100
"35","Kenya","Nyandarua",0,0,0,0,0,0,0,0,0,0,0,0,0,0,0,0,0,0,0,0,0,0,0,0,0,0,0,0,0,0,0,0,0,0,0,0,0,0,0,0,0,0,0,0,0,0,0,0,0,0,0,0,0,0,0,0,0,0,0,0,0,0,0,0,0,0,0,0,0,0,0,0,0,0,0,0,0,0,0,0,0,0,0,0,0,0,0,0,0,0,0,0,0,0,0,0,0,0,0,0,0,0,0,0,0,0,0,0,0,0,0,0,0,0,0,0,0,0,0,0,0,NA
"36","Kenya","Nyeri",0,0,0,0,0,0,0,0,0,0,0,0,0,0,0,0,0,0,0,0,0,0,0,0,0,0,0,0,0,0,0,0,0,0,0,0,0,0,0,0,0,0,0,0,0,0,0,0,0,0,0,0,0,0,0,0,0,0,0,0,0,0,0,0,0,0,0,0,0,0,0,0,0,0,0,0,0,0,0,0,0,0,0,0,0,0,0,0,0,0,0,0,0,0,0,0,0,0,0,0,0,0,0,0,0,0,0,0,0,0,0,0,0,0,0,0,0,0,0,0,0,NA
"37","Kenya","Samburu",0,0,0,0,0,0,0,0,0,0,0,0,0,0,0,0,0,0,0,0,0,0,0,0,0,0,0,0,0,0,0,0,0,0,0,0,0,0,0,0,0,0,0,0,0,0,0,0,0,0,0,0,0,0,0,0,0,0,0,0,0,0,0,0,0,0,0,0,0,0,0,0,0,0,0,0,0,0,0,0,0,0,0,0,0,0,0,0,0,0,0,0,0,0,0,0,0,0,0,0,0,0,0,0,0,0,0,0,0,0,0,0,0,0,0,0,0,0,0,0,0,NA
"38","Kenya","Siaya",0,0,0,0,0,0,0,0,0,0,0,2.28294570218451,0,0,0,0,0,63.885486399382,0,0,0,0,0,0,0,0,0,0,0,0,0,0,0,0,0,0,0,0,0,0,0,0,0,0,0,0,0,0,0,0,0,0,0,0,0,0,0,8.9524358358069,691.167027917258,0,0,0,0,106.86198989303,0,0,0,0,0,0,0,0,0,0,0,0,0,0,0,0,0,0,0,0,0,0,0,0,0,0,0,0,873.2,0,0,0,0,0,0,0,0,0,0,0,11.2353815379914,691.167027917258,0,0,0,0,170.747476292412,0,0,0,0,0,66.1684321015665,0,806.981453646095,0,873.2,100
"39","Kenya","Taita Taveta",0,0,0,0,0,0,0,0,0,0,0,0,0,0,0,0,0,0,0,0,0,0,0,0,0,0,0,0,0,0,0,0,0,0,0,0,0,0,0,0,0,0,0,0,0,0,0,0,0,0,5.08596354775334,0,0,0,0,0,0,0,0,0,0,0,0,0,0,0,0,0,0,0,0,0,0,0,0,0,0,0,0,0,0,0,0,0,0,0,0,0,0,0,0,0,5.1,0,0,0,0,5.08596354775334,0,0,0,0,0,0,0,0,0,0,0,0,0,0,0,0,0,0,0,0,5.08596354775334,0,5.1,100
"40","Kenya","Tana River",0,0,0,0,0,0,0,0,0,0,0,0,0,0,0,0,0,0,0,0,0,0,0,0,0,0,0,0,0,0,0,0,0,0,0,0,0,0,0,0,0,0,0,0,0,0,0,0,0,0,0,0,0,0,0,0,0,0,0,0,0,0,0,0,0,0,0,0,0,0,0,0,0,0,0,0,0,0,0,0,0,0,0,0,0,0,0,0,0,0,0,0,0,0,0,0,0,0,0,0,0,0,0,0,0,0,0,0,0,0,0,0,0,0,0,0,0,0,0,0,0,NA
"41","Kenya","Tharaka-Nithi",0,0,0,0,0,0,0,0,0,0,0,0,0,0,0,0,0,0,0,0,0,0,0,0,0,0,0,0,0,0,0,0,0,0,0,0,0,0,0,0,0,0,0,0,0,0,0,0,0,0,0,0,0,0,0,0,0,0,0,0,0,0,0,0,0,0,0,0,0,0,0,0,0,0,0,0,0,0,0,0,0,0,0,0,0,0,0,0,0,0,0,0,0,0,0,0,0,0,0,0,0,0,0,0,0,0,0,0,0,0,0,0,0,0,0,0,0,0,0,0,0,NA
"42","Kenya","Trans Nzoia",0,0,0,0,0,0,0,0,0,0,0,60.1802766675828,0,0,0,0,0,0,0,0,0,0,0,0,0,0,0,0,0,0,0,0,0,0,0,0,0,0,0,0,0,0,0,0,0,0,0,0,0,0,0,0,0,0,0,0,0,0,0,0,0,0,0,0,0,0,0,0,0,0,0,0,0,0,0,0,0,0,0,0,0,0,0,0,0,0,0,0,0,0,0,0,60.2,0,0,0,0,0,0,0,0,0,0,0,60.1802766675828,0,0,0,0,0,0,0,0,0,0,0,60.1802766675828,0,0,0,60.2,100
"43","Kenya","Turkana",0,0,0,0,0,0,0,0,0,0,0,0,0,0,0,0,0,0,0,0,0,0,0,0,0,0,0,0,0,0,0,0,0,0,0,0,0,0,0,0,0,0,0,0,0,0,0,0,0,0,0,0,0,0,0,0,0,0,0,0,0,0,0,0,0,0,0,0,0,0,0,0,0,0,0,0,0,0,0,0,0,0,0,0,0,0,0,0,0,0,0,0,0,0,0,0,0,0,0,0,0,0,0,0,0,0,0,0,0,0,0,0,0,0,0,0,0,0,0,0,0,NA
"44","Kenya","Uasin Gishu",0,0,0,0,0,0,0,0,0,0,0,0,0,0,0,0,0,0,0,0,0,0,0,0,0,0,0,0,0,0,0,0,0,0,0,0,0,0,0,0,0,0,0,0,0,0,0,0,0,0,0,0,0,0,0,0,0,0,0,0,0,0,0,0,0,0,0,0,0,0,0,0,0,0,0,0,0,0,0,0,0,0,0,0,0,0,0,0,0,0,0,0,0,0,0,0,0,0,0,0,0,0,0,0,0,0,0,0,0,0,0,0,0,0,0,0,0,0,0,0,0,NA
"45","Kenya","Vihiga",0,0,0,0,0.156094635783228,0,0,0,0,0,0,384.048632180613,299.694085034465,0,0,0,0,0,0,0,0,0,0,0,0,0,0,0,0,0,0,0,0,0,0,0,0,0,0,0,0,0,0,0,0,0,0,0,0,0,0.14001986585755,0,0,0,0,0,0,1247.00381994981,4261.26794234219,0,0,0,0,27.5288943549344,0,0,0,0,0,0,0,0,0,0,0,0,0,0,0,0,0,0,0,0,0,0,0,0,0,0,0,0,6219.9,0,0,0,0,0.296114501640778,0,0,0,0,0,0,1631.05245213042,4560.96202737665,0,0,0,0,27.5288943549344,0,0,0,0,0,683.898811850862,0,5535.94067651279,0,6219.9,100
"46","Kenya","Wajir",0,0,0,0,0,0,0,0,0,0,0,0,0,0,0,0,0,0,0,0,0,0,0,0,0,0,0,0,0,0,0,0,0,0,0,0,0,0,0,0,0,0,0,0,0,0,0,0,0,0,0,0,0,0,0,0,0,0,0,0,0,0,0,0,0,0,0,0,0,0,0,0,0,0,0,0,0,0,0,0,0,0,0,0,0,0,0,0,0,0,0,0,0,0,0,0,0,0,0,0,0,0,0,0,0,0,0,0,0,0,0,0,0,0,0,0,0,0,0,0,0,NA
"47","Kenya","West Pokot",0,0,0,0,0,16.0257173585583,0,0,0,0,0,10469.8647882205,0,0,0,0,0,0,0,0,0,0,0,0,0,0,0,0,0,0,0,0,0,0,0,0,0,0,0,0,0,0,0,0,0,0,0,0,0,0,0,3.39868124924544,0,0,0,0,0,3306.35353008452,0,0,0,0,0,0,0,0,0,0,0,0,0,0,0,0,0,0,0,0,0,0,0,0,0,0,0,0,0,0,0,0,0,0,13795.6,0,0,0,0,0,19.4243986078037,0,0,0,0,0,13776.218318305,0,0,0,0,0,0,0,0,0,0,0,10485.8905055791,0,3309.75221133377,0,13795.6,100
