"","COUNTRY","NAME_1","MAIZ_add_usd_l_ph_h_hp","SORG_add_usd_l_ph_h_hp","BEAN_add_usd_l_ph_h_hp","CHIC_add_usd_l_ph_h_hp","LENT_add_usd_l_ph_h_hp","WHEA_add_usd_l_ph_h_hp","BARL_add_usd_l_ph_h_hp","ACOF_add_usd_l_ph_h_hp","RCOF_add_usd_l_ph_h_hp","PMIL_add_usd_l_ph_h_hp","SMIL_add_usd_l_ph_h_hp","POTA_add_usd_l_ph_h_hp","SWPO_add_usd_l_ph_h_hp","CASS_add_usd_l_ph_h_hp","COWP_add_usd_l_ph_h_hp","PIGE_add_usd_l_ph_h_hp","SOYB_add_usd_l_ph_h_hp","GROU_add_usd_l_ph_h_hp","SUGC_add_usd_l_ph_h_hp","COTT_add_usd_l_ph_h_hp","COCO_add_usd_l_ph_h_hp","TEAS_add_usd_l_ph_h_hp","TOBA_add_usd_l_ph_h_hp","MAIZ_add_usd_l_ph_l_hp","SORG_add_usd_l_ph_l_hp","BEAN_add_usd_l_ph_l_hp","CHIC_add_usd_l_ph_l_hp","LENT_add_usd_l_ph_l_hp","WHEA_add_usd_l_ph_l_hp","BARL_add_usd_l_ph_l_hp","ACOF_add_usd_l_ph_l_hp","RCOF_add_usd_l_ph_l_hp","PMIL_add_usd_l_ph_l_hp","SMIL_add_usd_l_ph_l_hp","POTA_add_usd_l_ph_l_hp","SWPO_add_usd_l_ph_l_hp","CASS_add_usd_l_ph_l_hp","COWP_add_usd_l_ph_l_hp","PIGE_add_usd_l_ph_l_hp","SOYB_add_usd_l_ph_l_hp","GROU_add_usd_l_ph_l_hp","SUGC_add_usd_l_ph_l_hp","COTT_add_usd_l_ph_l_hp","COCO_add_usd_l_ph_l_hp","TEAS_add_usd_l_ph_l_hp","TOBA_add_usd_l_ph_l_hp","MAIZ_add_usd_h_ph_h_hp","SORG_add_usd_h_ph_h_hp","BEAN_add_usd_h_ph_h_hp","CHIC_add_usd_h_ph_h_hp","LENT_add_usd_h_ph_h_hp","WHEA_add_usd_h_ph_h_hp","BARL_add_usd_h_ph_h_hp","ACOF_add_usd_h_ph_h_hp","RCOF_add_usd_h_ph_h_hp","PMIL_add_usd_h_ph_h_hp","SMIL_add_usd_h_ph_h_hp","POTA_add_usd_h_ph_h_hp","SWPO_add_usd_h_ph_h_hp","CASS_add_usd_h_ph_h_hp","COWP_add_usd_h_ph_h_hp","PIGE_add_usd_h_ph_h_hp","SOYB_add_usd_h_ph_h_hp","GROU_add_usd_h_ph_h_hp","SUGC_add_usd_h_ph_h_hp","COTT_add_usd_h_ph_h_hp","COCO_add_usd_h_ph_h_hp","TEAS_add_usd_h_ph_h_hp","TOBA_add_usd_h_ph_h_hp","MAIZ_add_usd_h_ph_l_hp","SORG_add_usd_h_ph_l_hp","BEAN_add_usd_h_ph_l_hp","CHIC_add_usd_h_ph_l_hp","LENT_add_usd_h_ph_l_hp","WHEA_add_usd_h_ph_l_hp","BARL_add_usd_h_ph_l_hp","ACOF_add_usd_h_ph_l_hp","RCOF_add_usd_h_ph_l_hp","PMIL_add_usd_h_ph_l_hp","SMIL_add_usd_h_ph_l_hp","POTA_add_usd_h_ph_l_hp","SWPO_add_usd_h_ph_l_hp","CASS_add_usd_h_ph_l_hp","COWP_add_usd_h_ph_l_hp","PIGE_add_usd_h_ph_l_hp","SOYB_add_usd_h_ph_l_hp","GROU_add_usd_h_ph_l_hp","SUGC_add_usd_h_ph_l_hp","COTT_add_usd_h_ph_l_hp","COCO_add_usd_h_ph_l_hp","TEAS_add_usd_h_ph_l_hp","TOBA_add_usd_h_ph_l_hp","total","MAIZ_add_usd","SORG_add_usd","BEAN_add_usd","CHIC_add_usd","LENT_add_usd","WHEA_add_usd","BARL_add_usd","ACOF_add_usd","RCOF_add_usd","PMIL_add_usd","SMIL_add_usd","POTA_add_usd","SWPO_add_usd","CASS_add_usd","COWP_add_usd","PIGE_add_usd","SOYB_add_usd","GROU_add_usd","SUGC_add_usd","COTT_add_usd","COCO_add_usd","TEAS_add_usd","TOBA_add_usd","l_ph_h_hp","l_ph_l_hp","h_ph_h_hp","h_ph_l_hp","high_hp","high_hp_perc"
"1","Kenya","Baringo",0,0,3023.86556267801,0,0,9.95980401414686,0.346301545580968,0,0,0.19020710776352,0,25.3480355738963,0.107667336388557,0,0,0,0.00328208702253789,1.59176537301827,0,0,0,0,0,124.903201005146,1.17658959840481,4372.88331982156,0,0,20.5867696779362,0,0,0,9.39759466865037,0,394.826967941215,0,0,0,0,0,0,0,0,0,0,0,31.9317128503485,1.24006330142906,10882.1168146073,0,0,0,0,0,0,0,0,9.75955232072132,0,0,0,0,0.0356324753316491,103.136127270213,0,0,0,0,0,0,0,8613.38038302015,0,0,0,0,0,0,0,0,0,0,0,0,0,0,143.933466426157,0,0,0,0,0,27770.6,156.834913855495,2.41665289983387,26892.246080127,0,0,30.546573692083,0.346301545580968,0,0,9.58780177641389,0,429.934555835833,0.107667336388557,0,0,0,0.038914562354187,248.661359069389,0,0,0,0,0,3061.41262571582,4923.77444271291,11028.2199028254,8757.31384944631,14089.6,50.7
"2","Kenya","Bomet",145391.32002783,1439.10742769601,131839.999454171,0,0,6963.82687582818,1343.89900090018,31.6276630236555,0,738.988415399478,0,98691.7737793644,6548.34261545348,0,0,0,96.0438680941229,2094.96299633428,0,0,0,0,149.726633927766,0,0,2675.75771991089,0,0,0,0,0,0,0,0,0,0,0,0,0,0,0,0,0,0,0,0,1694219.16060085,12774.3995117653,764785.18702953,0,0,1349.33871143722,55.5299016300509,277.341686734776,0,8040.71449922781,0,660129.899863101,94049.1995602505,0,0,0,3363.65961151037,17730.7910276425,0,0,0,429.344519657225,11613.2025293949,5369.86415128177,61.3049847860965,31208.8159511628,0,0,1.87820564951965,0,0,0,62.4039475811098,0,4489.23222917062,530.672623570701,0,0,0,6.71987119815024,15.563433471178,0,0,0,0,0,3708569.6,1844980.34477996,14274.8119242474,930509.760154775,0,0,8315.04379291492,1399.42890253023,308.969349758432,0,8842.1068622084,0,763310.905871636,101128.214799275,0,0,0,3466.42335080265,19841.3174574479,0,0,0,429.344519657225,11762.9291633226,395329.618758022,2675.75771991089,3268817.76905273,41746.4553978719,3664147.4,98.8
"3","Kenya","Bungoma",71819.7816541914,3981.13093738655,327865.674122911,0,0,0,0,0,0,880.342793248184,0,8020.6181665765,33432.3727375229,0,818.906767742345,0,179.249032246001,8327.27488773982,0,0,0,0,0,0,0,0,0,0,0,0,0,0,0,0,0,0,0,0,0,0,0,0,0,0,0,0,1652680.82457989,99827.3443032916,6142770.28783802,1687.85462504983,940.784734157335,235.525488595075,0,9.61231335423386,0,21477.2716514943,604.245747422814,769436.722499306,912780.53423023,0,28921.7615902352,0,8771.30757662239,157992.096147501,0,8.73656601317709,0,0,19227.5596799446,0,0,5313.11788174803,0,1.90434856188877,0,0,0,0,0,0,0,0,0,0,0,0,1.82134111984007,0,0,0,0,0,10278014.7,1724500.60623408,103808.475240678,6475949.07984268,1687.85462504983,942.689082719224,235.525488595075,0,9.61231335423386,0,22357.6144447425,604.245747422814,777457.340665882,946212.906967753,0,29740.6683579775,0,8950.55660886839,166321.19237636,0,8.73656601317709,0,0,19227.5596799446,455325.351099565,0,9817372.46957112,5316.84357142976,10272697.9,99.9
"4","Kenya","Busia",312222.524718256,20762.1641770513,773219.424283022,0,0,0,0,0,0,4999.40640137489,0,122.615267239928,184315.516861067,71.8023042362512,5627.65799691753,0,0,28624.1448608825,263.293932248132,4.22806567902721,0,0,290.389891736385,0,0,0,0,0,0,0,0,0,0,0,0,0,0,0,0,0,0,0,0,0,0,0,1334449.00102749,84204.2807731291,3315109.71478995,0,0,0,0,0,1317.45531261759,14455.1850162237,93934.3492562735,841.596488610317,762019.190539185,120.119591382554,19770.3710700599,0,6287.26755007833,153619.244079349,308.30184008202,456.451390292845,0,0.387942762543946,6492.62595065836,0,0,10529.2981222858,0,0,0,0,0,0,0,0,0,0,0,0,0,0,305.127606905175,0,0,0,0,0,7134743.2,1646671.52574574,104966.44495018,4098858.43719526,0,0,0,0,0,1317.45531261759,19454.5914175986,93934.3492562735,964.211755850244,946334.707400252,191.921895618806,25398.0290669774,0,6287.26755007833,182548.516547137,571.595772330152,460.679455971872,0,0.387942762543946,6783.01584239475,1330523.16875971,0,5793385.54261814,10834.425729191,7123908.7,99.8
"5","Kenya","Elgeyo-Marakwet",236638.67925981,17681.0361122002,1311659.8613808,0,0,48109.8110958428,1118.62498119387,45.606294274033,0,18199.5752288533,0,2517664.28909076,3118.46278021599,0,0,0,6.25995082797987,148.141637358084,0,0,0,0,83.5948351937713,0,0,0,0,0,0,0,0,0,0,0,0,0,0,0,0,0,0,0,0,0,0,0,142377.298198782,7153.33812681506,578700.958914825,0,0,21020.7005592376,900.96031701847,18.8248521127379,0,11271.6924587251,0,535652.115070862,13938.8184674911,0,0,0,4.70162050098548,2304.23552552006,1.30309902172829,0,0,0,56.1203716599339,0,0,20883.3993036469,0,0,0,0,0,0,0,0,0,0,0,0,0,0,264.408272863685,0,0,0,0,0,5489022.8,379015.977458592,24834.3742390153,1911244.21959928,0,0,69130.5116550803,2019.58529821234,64.4311463867709,0,29471.2676875785,0,3053316.40416162,17057.2812477071,0,0,0,10.9615713289654,2716.78543574183,1.30309902172829,0,0,0,139.715206853705,4154473.94264733,0,1313401.06758257,21147.8075765106,5467875,99.6
"6","Kenya","Embu",167214.603971152,49.64761421125,990989.336687507,0,0,0,0,859.178707755058,0,0,0,179441.533867539,0,0,0,0,0,0,0,0,0,0,0,0,0,0,0,0,0,0,0,0,0,0,0,0,0,0,0,0,0,0,0,0,0,0,14423.512512678,459.140743480081,386378.386392062,6103.04687281721,1.06586972687479,0,0,0,0,162.046253068733,0,280.862147584937,149.087295911798,0,1373.12648234194,5182.70950575461,0,0,0,0,0,0,0,0,0,36785.5730677018,0,0,0,0,0,0,0,0,0,0,0,0,5070.97214835389,0,0,0,0,0,0,0,1794923.8,181638.11648383,508.788357691331,1414153.29614727,6103.04687281721,1.06586972687479,0,0,859.178707755058,0,162.046253068733,0,179722.396015124,149.087295911798,0,1373.12648234194,10253.6816541085,0,0,0,0,0,0,0,1338554.30084816,0,414512.984075426,41856.5452160556,1753067.3,97.7
"7","Kenya","Garissa",0,0,0,0,0,0,0,0,0,0,0,0,0,0,0,0,0,0,0,0,0,0,0,0,0,0,0,0,0,0,0,0,0,0,0,0,0,0,0,0,0,0,0,0,0,0,0,0,0,0,0,0,0,0,0,0,0,0,0,0,0,0,0,0,0,0,0,0,0,0,0,0,0,0,0,0,0,0,0,0,0,0,0,0,0,0,0,0,0,0,0,0,0,0,0,0,0,0,0,0,0,0,0,0,0,0,0,0,0,0,0,0,0,0,0,0,0,0,0,0,0,NA
"8","Kenya","Homa Bay",453920.849530282,75623.9524872401,0,0,2438.27479248593,0,0,0,0,29259.8687154616,0,60762.7647227811,0,5015.00406233744,6722.65085181147,0,12103.1551107793,147183.858400659,3256.57289850104,5999.50343748055,0,911.662225971768,0,0,0,0,0,0,0,0,0,0,0,0,0,0,0,0,0,0,0,0,0,0,0,0,1586991.22123907,237617.331329259,149627.017024451,0,5231.0521022854,203.254878470811,0,525.326239305808,0,94357.9790660085,0,105361.99574982,31311.8180486456,15402.9199921996,33681.8166355135,0,47632.2864527692,922215.257053015,10113.5869061401,13013.9430634403,0,1018.26401776994,0,190.530283756405,48.6962266850536,0,0,0,0,0,0,0,1.15009938086551,0,0,0,0,1.37925198211557,0,0.291075455325948,11516.7378800157,0,0,0,0,0,4069262.1,2041102.60105311,313289.980043185,149627.017024451,0,7669.32689477133,203.254878470811,0,525.326239305808,0,123618.997880851,0,166124.760472601,31311.8180486456,20417.924054537,40405.8467393071,0,59735.7326390038,1080915.85333369,13370.1598046411,19013.4465009209,0,1929.92624374171,0,803198.117235791,0,3254305.06979817,11758.7848172755,4057503.3,99.7
"9","Kenya","Isiolo",0,0,0,0,0,0,0,0,0,0,0,0,0,0,0,0,0,0,0,0,0,0,0,0,0,0,0,0,0,0,0,0,0,0,0,0,0,0,0,0,0,0,0,0,0,0,0,0,0,0,0,0,0,0,0,0,0,0,0,0,0,0,0,0,0,0,0,0,0,0,0,0,0,0,0,0,0,0,0,0,0,0,0,0,0,0,0,0,0,0,0,0,0,0,0,0,0,0,0,0,0,0,0,0,0,0,0,0,0,0,0,0,0,0,0,0,0,0,0,0,0,NA
"10","Kenya","Kajiado",0,0,0,0,0,0,0,0,0,0,0,0,0,0,0,0,0,0,0,0,0,0,0,0,0,0,0,0,0,0,0,0,0,0,0,0,0,0,0,0,0,0,0,0,0,0,832.44557485802,0.739072470838449,110371.822208446,0,0,8.04123022445549,0,0,0,0,15.4821756739688,6367.68588115291,58.2287322946082,0,44.9139753736141,1793.81983708135,0,0,0,0,0,0,0,59.5421624232076,0.091532906088921,71318.0038483211,0,0,0.895610831985041,0,0,0,0,0,255.761166760664,0,0,0,609.282184945401,0,37.6956333279863,0,0,0,0,0,191774.5,891.987737281227,0.83060537692737,181689.826056767,0,0,8.93684105644053,0,0,0,0,15.4821756739688,6623.44704791357,58.2287322946082,0,44.9139753736141,2403.10202202675,0,37.6956333279863,0,0,0,0,0,0,0,119493.178687575,72281.2721395164,119493.2,62.3
"11","Kenya","Kakamega",2506245.06966439,158370.265343836,5558346.57944698,0,0,444.67225005283,0,0,0,34420.5341992575,0,510650.72767164,1140502.55831445,13731.96870361,54776.0266353996,0,14668.2977724933,169254.602097794,87509.2301457445,0,0,1116.47932796264,2819.07510829431,0,0,0,0,0,0,0,0,0,0,0,0,0,0,0,0,0,0,0,0,0,0,0,3920835.64151324,249009.018872158,8899006.39265302,0,755.534903098675,361.279288397013,0,0,0,35157.2560684672,0,595348.513978307,1958081.56491778,10674.7079591437,73251.6103420809,0,19063.9968736926,284350.573728701,103406.636534706,36.681441023227,0,0,5522.40814039723,0,0,0,0,0,0,0,0,0,0,0,0,0,0,0,0,0,0,0,0,0,0,0,26407717.9,6427080.71117763,407379.284215994,14457352.9721,0,755.534903098675,805.951538449843,0,0,0,69577.7902677247,0,1105999.24164995,3098584.12323223,24406.6766627537,128027.63697748,0,33732.2946461858,453605.175826495,190915.86668045,36.681441023227,0,1116.47932796264,8341.48324869154,10252856.0866819,0,16154861.8172142,0,26407717.9,100
"12","Kenya","Kericho",5507.01137290646,110.127456024159,54978.9718204747,0,0,621.801308641049,29.2465913381671,0,0,49.2699665569492,0,3218.17384917078,5.27834459341375,0,0,0,0.158732607058889,16.9538955867493,0,0,0,0,0,0,0,10663.5655114602,0,0,0,0,0,0,0,0,0,0,0,0,0,0,6.45697676903753,0,0,0,0,0,193102.23183004,3160.05220284447,384423.501823385,0,425.908071022534,694.01790810931,127.128117193325,487.796205640928,0,1460.18883200015,0,73003.1297517161,7637.46503236289,0,677.202722275453,0,3420.40770659209,5336.72923020559,131.831279598717,0,0,337.236826758965,0,3115.29571443621,143.655521184163,44462.3207182792,0,0,5.57224848676458,0,1.49235761854216,0,150.471129872891,0,343.853758806613,851.629455228952,0,193.603684021756,0,4.0714388326138,592.014905662816,0,0.764606070642568,0,0,0,799496.5,201724.538917383,3413.8351800528,494528.359873599,0,425.908071022534,1321.39146523712,156.374708531492,489.28856325947,0,1659.92992842999,0,76565.1573596935,8494.37283218526,0,870.806406297208,0,3424.63787803176,5952.15500822419,131.831279598717,0.764606070642568,0,337.236826758965,0,64536.9933378995,10670.0224882292,674424.827539746,49864.7455385012,738961.7,92.4
"13","Kenya","Kiambu",29392.9176044109,27.2085015134684,611397.605493098,0,0,0,0,0,0,0,0,574563.176553614,2463.25074936508,0,0,0,0,0,0,0,0,0,0,0,0,0,0,0,0,0,0,0,0,0,0,0,0,0,0,0,0,0,0,0,0,0,4065.07012247044,0.300839692835,485542.565503285,0,15.8466453514414,1409.00543035494,0,0,0,0,0,529443.716077068,9240.06407249105,0,0,0,0,7.39882438322357,0,0,0,0,0,0,0,40169.4756550253,0,5.29294432898188,2.78649536480305,0.384389972813394,0,0,0.0345267498903016,0,97.513842582522,5.14842619441457,0,0,40.851716279751,0,73.6097730374526,0,0,0,0,0,2287963,33457.9877268813,27.5093412063034,1137109.64665141,0,21.1395896804233,1411.79192571974,0.384389972813394,0,0,0.0345267498903016,0,1104104.40647326,11708.4632480505,0,0,40.851716279751,0,81.0085974206762,0,0,0,0,0,1217844.158902,0,1029723.9675151,40395.0977695359,2247568,98.2
"14","Kenya","Kilifi",0,0,0,0,0,0,0,0,0,0,0,0,0,0,0,0,0,0,0,0,0,0,0,0,0,0,0,0,0,0,0,0,0,0,0,0,0,0,0,0,0,0,0,0,0,0,0,0,0,0,0,0,0,0,0,0,0,0,0,0,0,0,0,0,0,0,0,0,0,0,0,33.2786775796987,0,0,0,0,0,0,0,0,0,0,0,0,19.8047292757951,0,0,0,0,0,0,0,53.2,0,0,33.2786775796987,0,0,0,0,0,0,0,0,0,0,0,0,19.8047292757951,0,0,0,0,0,0,0,0,0,0,53.0834068554938,0,0
"15","Kenya","Kirinyaga",24986.5255691901,49.4312332435621,377186.785929914,17982.6265266264,4.91836529240686,524.261025395113,0,372.836071855999,0,0,0,325102.131187858,318.071545187861,0,10.2649065838913,0,1.44475203408765,0,0,0,0,0,0,0,0,0,0,0,0,0,0,0,0,0,0,0,0,0,0,0,0,0,0,0,0,0,9450.88764128931,33.0292051361801,237323.13356211,58966.0720245703,17.1701499807558,89.0040631267256,0,0,0,0,0,24220.7387399414,53246.8890766445,0,162.396953656298,456.342412895644,17.7998409045666,0,0,0,0,0,0,0,0,86108.0972103885,12404.5336517218,2.19562541817701,0,0,0,0,0,0,0,0,0,0,89.7514917493964,0,0,0,0,0,0,0,1229127.3,34437.4132104794,82.4604383797422,700618.016702412,89353.2322029184,24.2841406913397,613.265088521838,0,372.836071855999,0,0,0,349322.8699278,53564.9606218323,0,172.661860240189,546.093904645041,19.2445929386543,0,0,0,0,0,0,746539.297113182,0,383983.463670255,98604.5779792779,1130522.7,92
"16","Kenya","Kisii",2366251.20912099,128382.527924255,10309.5854971741,0,17050.6770303527,0,0,0,0,184139.373144203,0,437235.287959672,0,5064.54875055879,10577.7824620489,0,41832.1117976674,301326.122302366,3395.15582453736,6118.26658115916,0,2515.86333241693,0,0,0,0,0,0,0,0,0,0,0,0,0,0,0,0,0,0,0,0,0,0,0,0,650736.954599057,42589.1295146866,0,0,8124.57672371301,0,0,0,0,82220.3164545465,0,185769.907776831,0,4120.50543171281,772.15500148153,0,28180.797149475,67959.7596266944,8327.48277587359,3402.38168522747,0,6409.67384304267,0,0,0,0,0,0,0,0,0,0,0,0,0,0,0,0,0,0,0,0,0,0,0,0,4602812.3,3016988.16372004,170971.657438942,10309.5854971741,0,25175.2537540657,0,0,0,0,266359.68959875,0,623005.195736503,0,9185.0541822716,11349.9374635305,0,70012.9089471424,369285.88192906,11722.638600411,9520.64826638663,0,8925.53717545959,0,3514198.5117274,0,1088613.64058234,0,4602812.3,100
"17","Kenya","Kisumu",0,0,0,0,0,0,0,0,0,0,0,0,0,0,0,0,0,0,0,0,0,0,0,0,0,0,0,0,0,0,0,0,0,0,0,0,0,0,0,0,0,0,0,0,0,0,310555.640082549,38866.1529568865,277845.994830875,0,0,0,0,0,0,1662.54724514334,0,785.991373317344,77829.4104243203,1793.13479761958,8959.85257320943,0,325.385787804342,51289.6478410612,2758.81543394813,249.912400118371,0,0,0,4599.6808399112,731.888718570395,7290.12455728677,0,0,1.91145513244521,0,0,0,63.0923748989516,0,470.24845482624,270.666282812256,0,248.263184360463,0,10.2599856787947,5124.50373379498,0,0,0,0,0,791733.1,315155.32092246,39598.0416754569,285136.119388162,0,0,1.91145513244521,0,0,0,1725.63962004229,0,1256.23982814358,78100.0767071325,1793.13479761958,9208.11575756989,0,335.645773483136,56414.1515748562,2758.81543394813,249.912400118371,0,0,0,0,0,772922.485746853,18810.6395872725,772922.5,97.6
"18","Kenya","Kitui",0,0,0,0,0,0,0,0,0,0,0,0,0,0,0,0,0,0,0,0,0,0,0,0,0,0,0,0,0,0,0,0,0,0,0,0,0,0,0,0,0,0,0,0,0,0,147749.793174254,21274.8931109802,1777064.9009109,0,0,0,0,0,0,17446.8578824632,0,3799.30740085742,2009.39196951297,0,130653.258671294,726807.94215389,0,0,0,108.068213253666,0,0,31.541871319248,1657.72521177778,262.574964074523,145761.376098161,0,0,0,0,0,0,269.777021544641,0,0,36.9152311539997,0,961.603814497685,55839.0079369241,0,0,0,0,0,0,0,3031734.9,149407.518386032,21537.4680750547,1922826.27700906,0,0,0,0,0,0,17716.6349040078,0,3799.30740085742,2046.30720066697,0,131614.862485792,782646.950090814,0,0,0,108.068213253666,0,0,31.541871319248,0,0,2826945.95535872,204788.980278134,2826945.9,93.2
"19","Kenya","Kwale",0,0,0,0,0,0,0,0,0,0,0,0,0,0,0,0,0,0,0,0,0,0,0,0,0,0,0,0,0,0,0,0,0,0,0,0,0,0,0,0,0,0,0,0,0,0,9039.58557875522,2962.52249743712,2714.83978253643,0,0,0,0,0,0,11.2952076325184,0,0,2456.1861578287,0,1199.00969697385,40.7548670064256,0,0,0,0,0,0,0,0,0,160.330193320907,0,0,0,0,0,0,0,0,0,0,0,0,2.33800747903742,0,0.853012815173877,0,0,0,0,0,18587.8,9039.58557875522,2962.52249743712,2875.16997585733,0,0,0,0,0,0,11.2952076325184,0,0,2456.1861578287,0,1199.00969697385,43.092874485463,0,0.853012815173877,0,0,0,0,0,0,0,18424.1937881703,163.521213615118,18424.2,99.1
"20","Kenya","Laikipia",0,0,0,0,0,0,0,0,0,0,0,0,0,0,0,0,0,0,0,0,0,0,0,0,0,0,0,0,0,0,0,0,0,0,0,0,0,0,0,0,0,0,0,0,0,0,0,0,0,0,0,0,0,0,0,0,0,0,0,0,0,0,0,0,0,0,0,0,0,0,0,53.6111941024436,0,0,0,0,0,0,0,0,0,0,0,0,0,0,0,0,0,0,0,0,53.6,0,0,53.6111941024436,0,0,0,0,0,0,0,0,0,0,0,0,0,0,0,0,0,0,0,0,0,0,0,53.6111941024436,0,0
"21","Kenya","Lamu",0,0,0,0,0,0,0,0,0,0,0,0,0,0,0,0,0,0,0,0,0,0,0,0,0,0,0,0,0,0,0,0,0,0,0,0,0,0,0,0,0,0,0,0,0,0,917.614036602235,26.7158424354279,72.8991665223963,0,0,0,0,0,0,6.05330742147216,0,0,59.8419349859697,0,214.697107976257,1934.45940781478,0,0,0,0,0,0,0,0,0,1.04661910916171,0,0,0,0,0,0,0,0,0,0,0,0,41.6880292449329,0,0,0,0,0,0,0,3275,917.614036602235,26.7158424354279,73.945785631558,0,0,0,0,0,0,6.05330742147216,0,0,59.8419349859697,0,214.697107976257,1976.14743705972,0,0,0,0,0,0,0,0,0,3232.28080375854,42.7346483540946,3232.2,98.7
"22","Kenya","Machakos",0,0,0,0,0,0,0,0,0,0,0,0,0,0,0,0,0,0,0,0,0,0,0,0,0,0,0,0,0,0,0,0,0,0,0,0,0,0,0,0,0,0,0,0,0,0,2548837.8595369,86690.16545551,9882603.67217533,0,334739.271879415,0,0,7414.34258807476,0,21777.8512121527,0,16369.1296377745,605731.309826086,1061.3105495305,621565.287380262,3205694.95305914,0,0,0,2345.36929109537,0,0,0,7517.89535334885,188.254704377063,215640.119680424,0,1543.14359260007,0,0,0,0,55.2400648580264,0,1597.81860021327,2786.74986413034,0,709.732592685297,80198.8198455532,1.30696262926122,0,0,0,0,0,0,17645069.6,2556355.75489025,86878.4201598871,10098243.7918557,0,336282.415472015,0,0,7414.34258807476,0,21833.0912770107,0,17966.9482379877,608518.059690217,1061.3105495305,622275.019972948,3285893.7729047,1.30696262926122,0,0,2345.36929109537,0,0,0,0,0,17334830.5225913,310239.08126082,17334830.4,98.2
"23","Kenya","Makueni",0,0,0,0,0,0,0,0,0,0,0,0,0,0,0,0,0,0,0,0,0,0,0,0,0,0,0,0,0,0,0,0,0,0,0,0,0,0,0,0,0,0,0,0,0,0,765800.029773955,33516.7913747543,3217983.29973533,0,237919.059397262,17.6018907095985,0,2242.79125724828,0,9348.93339713769,0,2209.69471395995,68117.3695971887,186.636995994884,404813.430910508,1089172.51623859,0,7.6214268034263,0,5343.76199099614,0,0,0,1728.79845912969,69.5157695590887,101833.916815314,0,198.731684417919,1.13268693034315,0,0,0,30.2935539760332,0,21.4368260397146,83.4775635215393,0,719.471184985564,37999.4767885513,0,8.85552364329731,0,0,0,0,0,5979374.8,767528.828233085,33586.3071443134,3319817.21655064,0,238117.79108168,18.7345776399417,0,2242.79125724828,0,9379.22695111372,0,2231.13153999966,68200.8471607102,186.636995994884,405532.902095493,1127171.99302714,0,16.4769504467236,0,5343.76199099614,0,0,0,0,0,5836679.53870043,142695.106856068,5836679.6,97.6
"24","Kenya","Mandera",0,0,0,0,0,0,0,0,0,0,0,0,0,0,0,0,0,0,0,0,0,0,0,0,0,0,0,0,0,0,0,0,0,0,0,0,0,0,0,0,0,0,0,0,0,0,0,0,0,0,0,0,0,0,0,0,0,0,0,0,0,0,0,0,0,0,0,0,0,0,0,0,0,0,0,0,0,0,0,0,0,0,0,0,0,0,0,0,0,0,0,0,0,0,0,0,0,0,0,0,0,0,0,0,0,0,0,0,0,0,0,0,0,0,0,0,0,0,0,0,0,NA
"25","Kenya","Marsabit",0,0,0,0,0,0,0,0,0,0,0,0,0,0,0,0,0,0,0,0,0,0,0,0,0,0,0,0,0,0,0,0,0,0,0,0,0,0,0,0,0,0,0,0,0,0,1706.63604693459,25.802127116724,5599.15577266129,0,0,0,0,0,0,0,0,0,0,0,0,0,0,0,0,0,0,0,0,0.818871419506984,0.0187924460799255,278.737373814843,0,0,0,0,0,0,0,0,0,0,0,0,0,0,0.618218526974947,0,0,0,0,0,7611.8,1707.45491835409,25.8209195628039,5877.89314647613,0,0,0,0,0,0,0,0,0,0,0,0,0,0,0.618218526974947,0,0,0,0,0,0,0,7331.5939467126,280.193256207405,7331.6,96.3
"26","Kenya","Meru",31667.3327480213,1077.3212013308,281499.574024729,0,1983.86308559461,8013.75274166884,1349.22455648303,275.43844871712,0,0,0,216188.782207822,0,0,0,482.979809654913,0,0,0,0,0,0,402.34157537104,0,0,13880.6920355623,0,355.425026568674,52.2140120185678,3.51598376718806,0,0,0,0,654.819841652516,0,0,0,85.1225932718647,0,0,0,0,0,0,0,121178.751131556,6030.21828750022,1046990.87632383,0,36816.5870127651,5474.5075077025,1034.83062870145,613.605402617939,0,5321.1829955041,0,208729.303244277,11194.7376674321,0,6420.95753362669,19554.557028635,0,75047.903656688,0,91.8990442736654,0,0,789.100271156815,270.168249059852,23.2287527857501,126339.299398883,0,2768.36478971275,0,0,0,0,10.8597569185559,0,390.530436994049,34.1242591306668,0,13.1894825113584,2935.5532785441,0,2254.07526561631,0,0,0,0,0,2238300.9,153116.252128637,7130.76824161677,1468710.441783,0,41924.2399146412,13540.4742613899,2387.57116895167,889.043851335058,0,5332.04275242266,0,425963.435730746,11228.8619265628,0,6434.14701613805,23058.2127101059,0,77301.9789223043,0,91.8990442736654,0,0,1191.44184652785,542940.610399392,15031.7894928411,1545289.01773626,135039.393670157,2088229.6,93.3
"27","Kenya","Migori",35491.9199756046,7304.07578395118,16944.7514857676,0,0,0,0,0.967731851195784,0,3628.84703513666,654.035177772322,17906.3710372424,2639.28728472093,0,154.866805963141,0,747.582967997857,10984.1265523261,0,0.225094510038208,0,0,0.0470338336741388,0,0,0,0,0,0,0,0,0,0,0,0,0,0,0,0,0,0,0,0,0,0,0,1232639.10210249,234013.272194433,393190.20267872,14820.7287103664,13190.165721491,0,0,74.9980568487907,0,44181.5443637433,4721.67367119412,837457.327213433,23728.776075896,454.98126950626,26574.3324743173,0,6135.40109320003,176164.775828209,1516.28165121556,334.357714465254,0,0,6.36452470948696,0,0,0,0,0,0,0,0,0,0,0,0,0,0,0,0,0,19.5158101947633,0,0,0,0,0,3105680.9,1268131.02207809,241317.347978385,410134.954164487,14820.7287103664,13190.165721491,0,0,75.9657886999865,0,47810.3913988799,5375.70884896644,855363.698250676,26368.0633606169,454.98126950626,26729.1992802804,0,6882.98406119789,187168.418190729,1516.28165121556,334.582808975292,0,0,6.4115585431611,96457.1039666778,0,3009204.28534424,19.5158101947633,3105661.4,100
"28","Kenya","Mombasa",0,0,0,0,0,0,0,0,0,0,0,0,0,0,0,0,0,0,0,0,0,0,0,0,0,0,0,0,0,0,0,0,0,0,0,0,0,0,0,0,0,0,0,0,0,0,0,0,0,0,0,0,0,0,0,0,0,0,0,0,0,0,0,0,0,0,0,0,0,0,0,45.8377999801112,0,0,0,0,0,0,0,0,0,0,0,0,114.759125297078,0,0,0,0,0,0,0,160.4,0,0,45.8377999801112,0,0,0,0,0,0,0,0,0,0,0,0,114.759125297078,0,0,0,0,0,0,0,0,0,0,160.59692527719,0,0
"29","Kenya","Murang'a",176644.023187998,695.430329984211,1235220.83268309,0,0,1524.95244361174,0,1234.53241641496,0,0,0,2828048.71244166,11666.7562899512,0,0,0,0,0,0,0,0,0,0,0,0,22062.2481893612,0,1.00596425702845,0,0,0,0,0,0,0,0,0,0,0,0,0,0,0,0,0,0,20121.9176068384,55.156438194367,245082.651185968,0,50.1035858151969,0,0,0,0,0,0,17695.5290202694,136405.675387536,0,137.26126289293,18018.172738581,7.4361328615646,0,0,0,0,0,0,0,0,28750.3581899501,0,2.37702679046418,0,0,0,0,0,0,0,0,0,0,5829.78275931542,0,0,0,0,0,0,0,4749255,196765.940794836,750.586768178578,1531116.09024837,0,53.4865768626896,1524.95244361174,0,1234.53241641496,0,0,0,2845744.24146193,148072.431677487,0,137.26126289293,23847.9554978964,7.4361328615646,0,0,0,0,0,0,4255035.23979271,22063.2541536183,437573.903358956,34582.517976056,4692609.1,98.8
"30","Kenya","Nairobi",0,0,0,0,0,0,0,0,0,0,0,0,0,0,0,0,0,0,0,0,0,0,0,0,0,0,0,0,0,0,0,0,0,0,0,0,0,0,0,0,0,0,0,0,0,0,586.856997521633,0,73500.0861772117,0,0,0,0,0,0,0,0,3681.68149976865,49.540891560512,0,0,0,0,0,0,0,0,0,0,0,0,0,0,0,0,0,0,0,0,0,0,0,0,0,0,0,0,0,0,0,0,0,77818.1,586.856997521633,0,73500.0861772117,0,0,0,0,0,0,0,0,3681.68149976865,49.540891560512,0,0,0,0,0,0,0,0,0,0,0,0,77818.1655660625,0,77818.1,100
"31","Kenya","Nakuru",3146.32003294926,29.5651499963657,14356.2556401375,0,0,338.875219313772,100.712771472735,0.269510672307965,0,21.9549878417481,0,7044.27876146838,32.579287898085,0,0,0,0,42.3562083273231,0,0,0,0,0,0,0,0,0,0,0,0,0,0,0,0,0,0,0,0,0,0,0,0,0,0,0,0,0,0,1570.01773420976,0,0,0,0,0,0,0,0,0,0,0,0,0,0,183.254612101403,0,0,0,0,0,0,0,2608.17561592549,0,0,0,0,0,0,0,0,0,0,0,0,0,0,119.765846637286,0,0,0,0,0,29594.4,3146.32003294926,29.5651499963657,18534.4489902727,0,0,338.875219313772,100.712771472735,0.269510672307965,0,21.9549878417481,0,7044.27876146838,32.579287898085,0,0,0,0,345.376667066013,0,0,0,0,0,25113.1675700774,0,1753.27234631116,2727.94146256278,26866.5,90.8
"32","Kenya","Nandi",87425.4235607755,2295.48802242466,166330.791228045,0,58.8582745515811,2281.87071913654,38.0937471533527,0,0,521.798274117115,0,47129.9140531807,16285.7622040333,0,497.22209483172,0,4.92309341279828,586.294995009053,0,0,0,0,0,0,0,0,0,0,0,0,0,0,0,0,0,0,0,0,0,0,0,0,0,0,0,0,340378.781840853,16072.1806557993,262562.345887067,0,39.9046494241977,4251.46253035255,0,0,0,3168.34216953698,0,122788.118891923,33214.50609439,44.8423409436746,6576.81876018118,0,115.992183569662,48434.9726882681,531.208536597675,272.42489623563,0,24.844340872027,197.070682612902,0,0,1344.84450047669,0,0,0,0,0,0,0,0,0,0,0,0,0,0,0,0,0,0,0,0,1163475.2,427804.205401629,18367.668678224,430237.981615589,0,98.7629239757788,6533.33324948909,38.0937471533527,0,0,3690.14044365409,0,169918.032945103,49500.2682984233,44.8423409436746,7074.0408550129,0,120.91527698246,49021.2676832772,531.208536597675,272.42489623563,0,24.844340872027,197.070682612902,323456.440266671,0,838673.817148627,1344.84450047669,1162130.4,99.9
"33","Kenya","Narok",989827.549541707,5800.79205912312,112360.138582456,0,0,0,0,0,0,27692.6538536699,0,126805.617018369,0,0,0,0,0,23514.4600897134,0,0,0,28.4460459091956,0,0,0,531.688778271682,0,0,0,0,0,0,0,0,0,0,0,0,0,0,6.06647322359719,0,0,0,0,0,1397133.39336754,10580.3685471779,424253.985074551,444.661136132954,715.449554215577,921.477663195099,203.703820710483,74.5318615306443,0,16937.4988073261,35.548983521105,232811.832979153,32915.3515365864,0,226.610671718211,0,629.872803730822,14487.1436405808,0,0.186698467223099,0,0,1473.18987686203,4355.08384560499,13.9183891944164,18915.4594212965,0,0,279.358766179098,27.4569637929946,0,0,0.99582570924596,0.205347698961198,521.825265045061,4.56856482077222,0,0,0,0.088656455645533,19.4399896496468,0,0,0,0,0,3444550.6,2391316.02675485,16395.0789954955,556061.271856575,444.661136132954,715.449554215577,1200.8364293742,231.160784503478,74.5318615306443,0,44631.1484867053,35.7543312200661,360139.275262567,32919.9201014072,0,226.610671718211,0,629.961460186467,38027.1101931674,0,0.186698467223099,0,28.4460459091956,1473.18987686203,1286029.65719095,537.75525149528,2133844.80702299,24138.4010354474,3419874.4,99.3
"34","Kenya","Nyamira",2783534.72355497,35459.9969304096,102546.26265964,0,249.889084716102,82.9619667444143,0,138.603946257877,0,17509.8393805644,0,548622.962640649,13801.0535021058,0,0,0,581.720156802714,98014.584351785,0,0,0,6809.25525609627,2739.63285011369,0,0,0,0,0,0,0,0,0,0,0,0,0,0,0,0,0,0,0,0,0,0,0,322587.303698546,15973.608489112,0,0,5949.28834718543,0,0,0,0,92137.9927302791,0,82051.7013313772,0,2752.46015234448,12868.4858627438,0,60832.6665314301,33579.5796900527,94.4022454494142,537.00164355186,0,1851.54764399925,0,0,0,0,0,0,0,0,0,0,0,0,0,0,0,0,0,0,0,0,0,0,0,0,4241307.5,3106122.02725351,51433.6054195216,102546.26265964,0,6199.17743190153,82.9619667444143,0,138.603946257877,0,109647.832110843,0,630674.663972026,13801.0535021058,2752.46015234448,12868.4858627438,0,61414.3866882328,131594.164041838,94.4022454494142,537.00164355186,0,8660.80290009553,2739.63285011369,3610091.48628085,0,631216.038366072,0,4241307.5,100
"35","Kenya","Nyandarua",0,0,0,0,0,0,0,0,0,0,0,0,0,0,0,0,0,0,0,0,0,0,0,0,0,0,0,0,0,0,0,0,0,0,0,0,0,0,0,0,0,0,0,0,0,0,0,0,0,0,0,1021.57387739999,0,0,0,0,0,120658.485837411,13392.1419596965,0,0,0,0,0,0,0,0,0,0,0,0,683.657599355268,0,0,248.549604316934,15.4100460967583,0,0,1.25492517886296,0,6065.92759734541,1079.02005373931,0,0,0,0,5.68205152373507,0,0,0,0,0,143171.8,0,0,683.657599355268,0,0,1270.12348171692,15.4100460967583,0,0,1.25492517886296,0,126724.413434757,14471.1620134358,0,0,0,0,5.68205152373507,0,0,0,0,0,0,0,135072.201674508,8099.50187755628,135072.2,94.3
"36","Kenya","Nyeri",6467.53668185979,21.4116599049627,144260.586635635,0,0,1321.10181818455,0,1.78937670727866,0,0,0,118198.798786353,0,0,0,0,0,0,0,0,0,0,0,0,0,18942.6819236546,0,0,0,0,0,0,0,0,0,0,0,0,0,0,0,0,0,0,0,0,8525.83136672833,19.3729408213195,207544.60793746,0,6.12822801547943,1051.92097633187,0,0,0,0,0,67324.5611067963,45832.4937435398,0,0,0,0,0,0,0,0,0,0,0,0,24725.5573111758,0,0.127421858345274,0,0,0,0,0,0,0,0,0,0,0,0,0,0,0,0,0,0,644244.6,14993.3680485881,40.7846007262823,395473.433807925,0,6.2556498738247,2373.02279451642,0,1.78937670727866,0,0,0,185523.35989315,45832.4937435398,0,0,0,0,0,0,0,0,0,0,270271.224958645,18942.6819236546,330304.916299693,24725.6847330341,600576.1,93.2
"37","Kenya","Samburu",0,0,0,0,0,0,0,0,0,0,0,0,0,0,0,0,0,0,0,0,0,0,0,0,0,0,0,0,0,0,0,0,0,0,0,0,0,0,0,0,0,0,0,0,0,0,0,0,665.67333515595,0,0,0,0,0,0,0,0,0,0,0,0,0,0,1264.64479422961,0,0,0,0,0,0,0,0,0,0,0,0,0,0,0,0,0,0,0,0,0,0,69.4019399867195,0,0,0,0,0,1999.7,0,0,665.67333515595,0,0,0,0,0,0,0,0,0,0,0,0,0,0,1334.04673421633,0,0,0,0,0,0,0,1930.31812938556,69.4019399867195,1930.3,96.5
"38","Kenya","Siaya",395107.351189917,52021.5709581235,0,0,0,0,0,0,0,3208.11050109804,0,981.32421008401,0,10634.5743322104,5018.49795087379,0,0,53865.4906390692,5691.84580223227,338.929593578792,0,0,0,0,0,0,0,0,0,0,0,0,0,0,0,0,0,0,0,0,0,0,0,0,0,0,2091805.59559128,228028.466110717,1019651.54785583,0,0,0,0,0,0,13334.1179991418,0,4158.1366268208,228300.352352088,15543.0570285928,30088.1427153279,0,2438.02310086219,205880.764110544,44355.4016383245,832.750585004892,0,0,800.265612509767,180.759470566577,31.6955957487796,802.425196426383,0,0,0,0,0,0,1.18776193262082,0,0.920581303067765,0,0,2.06288796098332,0,0,595.972469536289,0,0,0,0,0,4413699.3,2487093.70625176,280081.732664589,1020453.97305226,0,0,0,0,0,0,16543.4162621724,0,5140.38141820788,228300.352352088,26177.6313608032,35108.7035541627,0,2438.02310086219,260342.227219149,50047.2474405568,1171.68017858368,0,0,800.265612509767,526867.695177187,0,3885216.62132704,1615.0239634747,4412084.3,100
"39","Kenya","Taita Taveta",0,0,0,0,0,0,0,0,0,0,0,0,0,0,0,0,0,0,0,0,0,0,0,0,0,0,0,0,0,0,0,0,0,0,0,0,0,0,0,0,0,0,0,0,0,0,26242.7923030451,6896.15533986083,38479.3073478803,0,16260.9100854771,0,0,0,0,37.3121528211155,0,0,2958.75805505929,220.5913300427,3428.67812136128,2267.32073946287,0,0,0,0,0,0,0,630.825869715636,81.4303782529435,4768.76331163582,0,263.212510861187,0,0,0,0,0.969920876561288,0,0,39.4516876280903,0,33.0976827036993,380.522312576206,0,0,0,0,0,0,0,102990,26873.6181727607,6977.58571811377,43248.0706595162,0,16524.1225963383,0,0,0,0,38.2820736976768,0,0,2998.20974268738,220.5913300427,3461.77580406498,2647.84305203907,0,0,0,0,0,0,0,0,0,96791.8254750106,6198.27367425014,96791.9,94
"40","Kenya","Tana River",0,0,0,0,0,0,0,0,0,0,0,0,0,0,0,0,0,0,0,0,0,0,0,0,0,0,0,0,0,0,0,0,0,0,0,0,0,0,0,0,0,0,0,0,0,0,0,0,0,0,0,0,0,0,0,0,0,0,0,0,0,0,0,0,0,0,0,0,0,0,0,25.5743300529151,0,0,0,0,0,0,0,0,0,0,0,0,0,0,0,0,0,0,0,0,25.6,0,0,25.5743300529151,0,0,0,0,0,0,0,0,0,0,0,0,0,0,0,0,0,0,0,0,0,0,0,25.5743300529151,0,0
"41","Kenya","Tharaka-Nithi",23901.9701185338,40.7485246387407,290309.651517431,0,0,0,0,0,0,0,0,71138.1715906909,0,0,0,0,0,0,0,0,0,0,0,0,0,0,0,0,0,0,0,0,0,0,0,0,0,0,0,0,0,0,0,0,0,0,13525.0744873554,442.437852670163,369841.323065603,0,0,53.9369974464116,9.26161456499703,0,0,875.677089546761,0,751.846604185186,590.865663328481,0,675.097830207955,5897.43508677256,0,8565.78132168438,0,0,0,0,0,0,0,36372.5632461909,0,0,0,0,0,0,0,0,0,0,0,0,2470.51158625961,0,6.89202974441674,0,0,0,0,0,825469.3,37427.0446058892,483.186377308903,696523.537829225,0,0,53.9369974464116,9.26161456499703,0,0,875.677089546761,0,71890.0181948761,590.865663328481,0,675.097830207955,8367.94667303217,0,8572.6733514288,0,0,0,0,0,385390.541751295,0,401228.737613365,38849.9668621949,786619.3,95.3
"42","Kenya","Trans Nzoia",25255.9401437338,33.0595400145991,40856.6108568461,0,0,3146.50864190304,0,1.00593028768231,0,473.24498655012,0,25868.4919255605,6018.35885554244,0,0,0,0,131.947438664644,0,0,0,0,0.325261919567336,0,0,0,0,0,0,0,0,0,0,0,0,0,0,0,0,0,0,0,0,0,0,0,17518.7708883674,408.979952099207,76780.1596841884,0,0,3013.38863572701,0,0,0,605.069366682771,0,39501.8274349453,4190.41843565173,0,0,0,0,268.867355910935,0,0,0,0,0,1066.81689240226,1.56789059297652,10465.3318222749,0,0.179917218659053,77.7703166890985,0,0,0,6.39763206475934,0,409.614232621385,93.9943274467075,0,0,0,0,16.2948747989123,0,0,0,0,0,256210.9,43841.5279245035,443.607382706782,128102.102363309,0,0.179917218659053,6237.66759431915,0,1.00593028768231,0,1084.71198529765,0,65779.9335931271,10302.7716186409,0,0,0,0,417.109669374491,0,0,0,0,0.325261919567336,101785.493581022,0,142287.481753573,12137.9679061097,244073,95.3
"43","Kenya","Turkana",0,0,0,0,0,0,0,0,0,0,0,0,0,0,0,0,0,0,0,0,0,0,0,0,0,0,0,0,0,0,0,0,0,0,0,0,0,0,0,0,0,0,0,0,0,0,0,0,0,0,0,0,0,0,0,0,0,0,0,0,0,0,0,0,0,0,0,0,0,0,0,0,0,0,0,0,0,0,0,0,0,0,0,0,0,0,0,0,0,0,0,0,0,0,0,0,0,0,0,0,0,0,0,0,0,0,0,0,0,0,0,0,0,0,0,0,0,0,0,0,0,NA
"44","Kenya","Uasin Gishu",0,0,0,0,0,0,0,0,0,0,0,0,0,0,0,0,0,0,0,0,0,0,0,5.69015192707521,0.00878866710945905,1180.32897912447,0,0,57.3872913120352,2.15884225203503,0,0,0.478786210476752,0,19.396380322365,0.606937773047364,0,0,0,0.0186996350346204,5.58073668277232,0,0,0,0,0,0,0,17758.4595305754,0,17.9356187928764,0,0,0,0,0,0,0,0,0,0,0,0,0,0,0,0,0,0,58.6240403744222,0.118922690148666,15948.5662895516,0,0.0475824001111732,55.3390988574343,1.80195620140818,0,0,0.405462658502069,0,25.8728928580051,0.415451294899159,0,0,0,0.0132504493336245,3.07609126753866,0,0,0,0,0,35142.3,64.3141923014974,0.127711357258125,34887.3547992515,0,17.9832011929876,112.72639016947,3.96079845344321,0,0,0.884248868978821,0,45.2692731803701,1.02238906794652,0,0,0,0.0319500843682449,8.65682795031098,0,0,0,0,0,0,1271.65559390642,17776.3951493683,16094.2810386034,17776.4,50.6
"45","Kenya","Vihiga",209851.412975057,16185.1840597629,630383.937125615,0,176.980098051024,0,0,0,0,1486.20731935864,0,165083.304542836,87121.0705195191,4204.28237534376,5805.05988235821,0,390.784027169914,8741.31394580019,17900.6714918457,0,0,1559.70001318256,0,0,0,0,0,0,0,0,0,0,0,0,0,0,0,0,0,0,0,0,0,0,0,0,2858618.95553039,215392.597377812,5195779.24810494,0,158.75452390929,478.319433711558,0,0,0,2775.94340630856,0,536050.966179372,1248828.78696218,9252.13838229804,59330.6560557652,0,1551.99401698826,249404.247111057,40639.8188978055,591.972026151849,0,312.372490454144,1178.26839834715,0,0,0,0,0,0,0,0,0,0,0,0,0,0,0,0,0,0,0,0,0,0,0,11569234.9,3068470.36850545,231577.781437574,5826163.18523055,0,335.734621960314,478.319433711558,0,0,0,4262.1507256672,0,701134.270722209,1335949.8574817,13456.4207576418,65135.7159381234,0,1942.77804415818,258145.561056857,58540.4903896512,591.972026151849,0,1872.0725036367,1178.26839834715,1148889.9083759,0,10420345.0388975,0,11569234.9,100
"46","Kenya","Wajir",0,0,0,0,0,0,0,0,0,0,0,0,0,0,0,0,0,0,0,0,0,0,0,0,0,0,0,0,0,0,0,0,0,0,0,0,0,0,0,0,0,0,0,0,0,0,0,0,0,0,0,0,0,0,0,0,0,0,0,0,0,0,0,0,0,0,0,0,0,0,0,0,0,0,0,0,0,0,0,0,0,0,0,0,0,0,0,0,0,0,0,0,0,0,0,0,0,0,0,0,0,0,0,0,0,0,0,0,0,0,0,0,0,0,0,0,0,0,0,0,0,NA
"47","Kenya","West Pokot",76872.231454512,6828.96158068153,580516.903571394,0,0,9279.54554303767,0,0,0,30164.8922572026,0,4500471.37921658,0,0,0,0,0,0,0,0,0,0,64.6220016892133,0,0,0,0,0,0,0,0,0,0,0,0,0,0,0,0,0,0,0,0,0,0,0,33420.0249631814,2710.97249060927,172204.449441054,0,0,4819.80094335793,0,0.706593204772242,0,8393.93083978709,0,1433213.4577297,8.12807755806226,0,0,0,0.448941956622763,3.65994173570034,0,0,0,0,7.81901521603466,464.516878970879,18.6457750744565,13145.012924436,0,0,0,0,0,0,39.7527564090573,0,32.603783820925,58.7748676306177,0,0,0,0.0985772813567134,712.927834289293,0,0,0,0,0,6873454.3,110756.773296664,9558.57984636526,765866.365936884,0,0,14099.3464863956,0,0.706593204772242,0,38598.5758533988,0,5933717.4407301,66.90294518868,0,0,0,0.547519237979477,716.587776024993,0,0,0,0,72.4410169052479,5204198.5356251,0,1654783.39897736,14472.3333979126,6858982,99.8
