"","COUNTRY","NAME_1","MAIZ_lr_tha_l_ph_h_hp","SORG_lr_tha_l_ph_h_hp","BEAN_lr_tha_l_ph_h_hp","CHIC_lr_tha_l_ph_h_hp","LENT_lr_tha_l_ph_h_hp","WHEA_lr_tha_l_ph_h_hp","BARL_lr_tha_l_ph_h_hp","ACOF_lr_tha_l_ph_h_hp","RCOF_lr_tha_l_ph_h_hp","PMIL_lr_tha_l_ph_h_hp","SMIL_lr_tha_l_ph_h_hp","POTA_lr_tha_l_ph_h_hp","SWPO_lr_tha_l_ph_h_hp","CASS_lr_tha_l_ph_h_hp","COWP_lr_tha_l_ph_h_hp","PIGE_lr_tha_l_ph_h_hp","SOYB_lr_tha_l_ph_h_hp","GROU_lr_tha_l_ph_h_hp","SUGC_lr_tha_l_ph_h_hp","COTT_lr_tha_l_ph_h_hp","COCO_lr_tha_l_ph_h_hp","TEAS_lr_tha_l_ph_h_hp","TOBA_lr_tha_l_ph_h_hp","MAIZ_lr_tha_l_ph_l_hp","SORG_lr_tha_l_ph_l_hp","BEAN_lr_tha_l_ph_l_hp","CHIC_lr_tha_l_ph_l_hp","LENT_lr_tha_l_ph_l_hp","WHEA_lr_tha_l_ph_l_hp","BARL_lr_tha_l_ph_l_hp","ACOF_lr_tha_l_ph_l_hp","RCOF_lr_tha_l_ph_l_hp","PMIL_lr_tha_l_ph_l_hp","SMIL_lr_tha_l_ph_l_hp","POTA_lr_tha_l_ph_l_hp","SWPO_lr_tha_l_ph_l_hp","CASS_lr_tha_l_ph_l_hp","COWP_lr_tha_l_ph_l_hp","PIGE_lr_tha_l_ph_l_hp","SOYB_lr_tha_l_ph_l_hp","GROU_lr_tha_l_ph_l_hp","SUGC_lr_tha_l_ph_l_hp","COTT_lr_tha_l_ph_l_hp","COCO_lr_tha_l_ph_l_hp","TEAS_lr_tha_l_ph_l_hp","TOBA_lr_tha_l_ph_l_hp","MAIZ_lr_tha_h_ph_h_hp","SORG_lr_tha_h_ph_h_hp","BEAN_lr_tha_h_ph_h_hp","CHIC_lr_tha_h_ph_h_hp","LENT_lr_tha_h_ph_h_hp","WHEA_lr_tha_h_ph_h_hp","BARL_lr_tha_h_ph_h_hp","ACOF_lr_tha_h_ph_h_hp","RCOF_lr_tha_h_ph_h_hp","PMIL_lr_tha_h_ph_h_hp","SMIL_lr_tha_h_ph_h_hp","POTA_lr_tha_h_ph_h_hp","SWPO_lr_tha_h_ph_h_hp","CASS_lr_tha_h_ph_h_hp","COWP_lr_tha_h_ph_h_hp","PIGE_lr_tha_h_ph_h_hp","SOYB_lr_tha_h_ph_h_hp","GROU_lr_tha_h_ph_h_hp","SUGC_lr_tha_h_ph_h_hp","COTT_lr_tha_h_ph_h_hp","COCO_lr_tha_h_ph_h_hp","TEAS_lr_tha_h_ph_h_hp","TOBA_lr_tha_h_ph_h_hp","MAIZ_lr_tha_h_ph_l_hp","SORG_lr_tha_h_ph_l_hp","BEAN_lr_tha_h_ph_l_hp","CHIC_lr_tha_h_ph_l_hp","LENT_lr_tha_h_ph_l_hp","WHEA_lr_tha_h_ph_l_hp","BARL_lr_tha_h_ph_l_hp","ACOF_lr_tha_h_ph_l_hp","RCOF_lr_tha_h_ph_l_hp","PMIL_lr_tha_h_ph_l_hp","SMIL_lr_tha_h_ph_l_hp","POTA_lr_tha_h_ph_l_hp","SWPO_lr_tha_h_ph_l_hp","CASS_lr_tha_h_ph_l_hp","COWP_lr_tha_h_ph_l_hp","PIGE_lr_tha_h_ph_l_hp","SOYB_lr_tha_h_ph_l_hp","GROU_lr_tha_h_ph_l_hp","SUGC_lr_tha_h_ph_l_hp","COTT_lr_tha_h_ph_l_hp","COCO_lr_tha_h_ph_l_hp","TEAS_lr_tha_h_ph_l_hp","TOBA_lr_tha_h_ph_l_hp","total","MAIZ_lr_tha","SORG_lr_tha","BEAN_lr_tha","CHIC_lr_tha","LENT_lr_tha","WHEA_lr_tha","BARL_lr_tha","ACOF_lr_tha","RCOF_lr_tha","PMIL_lr_tha","SMIL_lr_tha","POTA_lr_tha","SWPO_lr_tha","CASS_lr_tha","COWP_lr_tha","PIGE_lr_tha","SOYB_lr_tha","GROU_lr_tha","SUGC_lr_tha","COTT_lr_tha","COCO_lr_tha","TEAS_lr_tha","TOBA_lr_tha","l_ph_h_hp","l_ph_l_hp","h_ph_h_hp","h_ph_l_hp","high_hp","high_hp_perc"
"1","Kenya","Baringo",0,0,357.844041384629,0,0,0,0,0,0,0,0,0,0,0,0,0,0,0.0629458746802878,0,0,0,0,0,0,0,0,0,0,0,0,0,0,0,0,0,0,0,0,0,0,0,0,0,0,0,0,0,0,852.97509138647,0,0,0,0,0,0,0,0,0,0,0,0,0,0,6.25317530761185,0,0,0,0,0,0,0,0,0,0,0,0,0,0,0,0,0,0,0,0,0,0,0,0,0,0,0,0,1217.1,0,0,1210.8191327711,0,0,0,0,0,0,0,0,0,0,0,0,0,0,6.31612118229214,0,0,0,0,0,357.90698725931,0,859.228266694082,0,1217.1,100
"2","Kenya","Bomet",6672.07185575989,131.296456036421,3406.96267831838,0,0,0.301563545557276,0,0,0,81.753881979892,0,166.669861686021,49.3961068428525,0,0,0,1.8093812091487,39.0383360249462,0,0,0,0,0,0,0,0,0,0,0,0,0,0,0,0,0,0,0,0,0,0,0,0,0,0,0,0,52958.1991891213,682.110629018915,20307.9222171849,0,0,7.57453784495375,0,58.9453105344376,0,563.977202122675,0,1054.81630377378,567.491031792435,0,0,0,46.3587361410198,182.852861371561,0,0,0,0,269.496760990125,0,0,0,0,0,0,0,0,0,0,0,0,0,0,0,0,0,0,0,0,0,0,0,87249,59630.2710448811,813.407085055335,23714.8848955033,0,0,7.87610139051103,0,58.9453105344376,0,645.731084102567,0,1221.4861654598,616.887138635288,0,0,0,48.1681173501685,221.891197396507,0,0,0,0,269.496760990125,10549.3001214031,0,76699.744779896,0,87249,100
"3","Kenya","Bungoma",0,0,14373.3938558948,0,0,0,0,0,0,0,0,0,0,0,0,0,0,257.344309224991,0,0,0,0,0,0,0,0,0,0,0,0,0,0,0,0,0,0,0,0,0,0,0,0,0,0,0,0,106227.751164463,13844.396555371,165906.316227782,61.067433862816,14.6870674135922,0,0,0,0,2800.82597225794,0,1782.4152080008,8984.31189262086,0,1840.45540592751,0,335.954219038742,2796.15982939072,0,0,0,0,0,0,0,0,0,0,0,0,0,0,0,0,0,0,0,0,0,0,0,0,0,0,0,0,319225,106227.751164463,13844.396555371,180279.710083677,61.067433862816,14.6870674135922,0,0,0,0,2800.82597225794,0,1782.4152080008,8984.31189262086,0,1840.45540592751,0,335.954219038742,3053.50413861571,0,0,0,0,0,14630.7381651198,0,304594.340976129,0,319225,100
"4","Kenya","Busia",13198.881920311,1805.01681809629,11468.4008945199,0,0,0,0,0,0,371.307110127733,0,0.269194073403124,1085.36493318393,0,223.742441303177,0,0,314.834927657283,0,0,0,0,0,0,0,0,0,0,0,0,0,0,0,0,0,0,0,0,0,0,0,0,0,0,0,0,60909.0179468344,8148.90598060179,77065.2181931163,0,0,0,0,0,0,1174.65622473696,1819.15064270914,7.22962706804407,5796.96123853888,0,996.587393434074,0,178.822199737179,2566.20844869419,0,0,0,0,89.2720934985591,0,0,434.770461920198,0,0,0,0,0,0,0,0,0,0,0,0,0,0,19.6617515747448,0,0,0,0,0,187674.3,74107.8998671453,9953.92279869808,88968.3895495564,0,0,0,0,0,0,1545.96333486469,1819.15064270914,7.49882114144719,6882.32617172281,0,1220.32983473725,0,178.822199737179,2900.70512792622,0,0,0,0,89.2720934985591,28467.8182392726,0,158752.02998897,454.432213494943,187219.9,99.8
"5","Kenya","Elgeyo-Marakwet",22440.5986684681,2917.40216236739,28726.3941786613,0,0,1161.18882153066,62.3334243607985,0,0,2909.02676944133,0,6269.81268216079,19.3760675100576,0,0,0,0.359598825361383,2.4900511233161,0,0,0,0,0,0,0,0,0,0,0,0,0,0,0,0,0,0,0,0,0,0,0,0,0,0,0,0,5845.99450222217,515.726923843922,27209.8013132203,0,0,51.019174372407,0,0,0,463.188921395802,0,1045.90212850024,22.4003626150409,0,0,0,0,82.6855523091511,0,0,0,0,0,0,0,0,0,0,0,0,0,0,0,0,0,0,0,0,0,0,0,0,0,0,0,0,99745.7,28286.5931706903,3433.12908621131,55936.1954918816,0,0,1212.20799590307,62.3334243607985,0,0,3372.21569083713,0,7315.71481066103,41.7764301250985,0,0,0,0.359598825361383,85.1756034324672,0,0,0,0,0,64508.9824244492,0,35236.718878479,0,99745.7,100
"6","Kenya","Embu",8563.25902072445,0.301712440763211,18569.9768343679,0,0,0,0,0,0,0,0,441.870369130113,0,0,0,0,0,0,0,0,0,0,0,0,0,0,0,0,0,0,0,0,0,0,0,0,0,0,0,0,0,0,0,0,0,0,0,0,18429.5781484935,486.416554678672,0.0264026787191862,0,0,0,0,0,0,0,0,0,0,378.158741880588,0,0,0,0,0,0,0,0,0,0,0,0,0,0,0,0,0,0,0,0,0,0,0,0,0,0,0,0,0,0,46869.6,8563.25902072445,0.301712440763211,36999.5549828614,486.416554678672,0.0264026787191862,0,0,0,0,0,0,441.870369130113,0,0,0,378.158741880588,0,0,0,0,0,0,0,27575.4079366632,0,19294.1798477314,0,46869.6,100
"7","Kenya","Garissa",0,0,0,0,0,0,0,0,0,0,0,0,0,0,0,0,0,0,0,0,0,0,0,0,0,0,0,0,0,0,0,0,0,0,0,0,0,0,0,0,0,0,0,0,0,0,0,0,0,0,0,0,0,0,0,0,0,0,0,0,0,0,0,0,0,0,0,0,0,0,0,0,0,0,0,0,0,0,0,0,0,0,0,0,0,0,0,0,0,0,0,0,0,0,0,0,0,0,0,0,0,0,0,0,0,0,0,0,0,0,0,0,0,0,0,0,0,0,0,0,0,NA
"8","Kenya","Homa Bay",21171.9351103435,6226.74104673692,0,0,22.1867324270002,0,0,0,0,1883.58886064612,0,144.864412790621,0,0,224.726795025946,0,245.978687622849,2260.41931796816,0,1102.62881638214,0,0,0,0,0,0,0,0,0,0,0,0,0,0,0,0,0,0,0,0,0,0,0,0,0,0,94739.6525918824,29040.1932433023,3024.01055453281,0,61.354626596787,5.86143833671167,0,0,0,8928.43886353268,0,341.755998222724,303.093120834266,0,2003.16394281112,0,1311.82731002185,24716.7068180316,0,82.3841742386189,0,0,0,0,0,0,0,0,0,0,0,0,0,0,0,0,0,0,0,0,0,0,0,0,0,0,197841.5,115911.587702226,35266.9342900393,3024.01055453281,0,83.5413590237872,5.86143833671167,0,0,0,10812.0277241788,0,486.620411013345,303.093120834266,0,2227.89073783707,0,1557.80599764469,26977.1261359998,0,1185.01299062076,0,0,0,33283.0697799433,0,164558.442682344,0,197841.5,100
"9","Kenya","Isiolo",0,0,0,0,0,0,0,0,0,0,0,0,0,0,0,0,0,0,0,0,0,0,0,0,0,0,0,0,0,0,0,0,0,0,0,0,0,0,0,0,0,0,0,0,0,0,0,0,0,0,0,0,0,0,0,0,0,0,0,0,0,0,0,0,0,0,0,0,0,0,0,0,0,0,0,0,0,0,0,0,0,0,0,0,0,0,0,0,0,0,0,0,0,0,0,0,0,0,0,0,0,0,0,0,0,0,0,0,0,0,0,0,0,0,0,0,0,0,0,0,0,NA
"10","Kenya","Kajiado",0,0,0,0,0,0,0,0,0,0,0,0,0,0,0,0,0,0,0,0,0,0,0,0,0,0,0,0,0,0,0,0,0,0,0,0,0,0,0,0,0,0,0,0,0,0,0,0,10189.4736949718,0,0,0,0,0,0,0,0,0,0,0,0,327.451703208781,0,0,0,0,0,0,0,0,0,0,0,0,0,0,0,0,0,0,0,0,0,0,0,0,0,0,0,0,0,0,10516.9,0,0,10189.4736949718,0,0,0,0,0,0,0,0,0,0,0,0,327.451703208781,0,0,0,0,0,0,0,0,0,10516.9253981806,0,10516.9,100
"11","Kenya","Kakamega",107942.889410775,13628.65427563,89482.9695557678,0,0,20.831489702991,0,0,0,3072.35427218157,0,1369.49995254584,8927.0637629608,0,1879.10392466834,0,299.834885703529,2123.02225621899,0,0,0,0,421.411105198823,0,0,0,0,0,0,0,0,0,0,0,0,0,0,0,0,0,0,0,0,0,0,0,200915.861098343,25743.0020439972,192282.828606897,0,8.41523021913287,13.4665178779243,0,0,0,3479.19072836609,0,1406.46115039652,16591.5834506407,583.350237975421,3312.20281295247,0,528.110338384965,4555.3133126914,1608.93064663527,7.27787762384082,0,0,453.198909613986,0,0,0,0,0,0,0,0,0,0,0,0,0,0,0,0,0,0,0,0,0,0,0,680656.9,308858.750509118,39371.6563196273,281765.798162665,0,8.41523021913287,34.2980075809153,0,0,0,6551.54500054765,0,2775.96110294236,25518.6472136015,583.350237975421,5191.30673762081,0,827.945224088494,6678.33556891038,1608.93064663527,7.27787762384082,0,0,874.61001481281,229167.634891354,0,451489.192962615,0,680656.9,100
"12","Kenya","Kericho",0,0,3962.82189501301,0,0,0,0,0,0,0,0,0,0,0,0,0,0,1.48204510546947,0,0,0,0,0,0,0,0,0,0,0,0,0,0,0,0,0,0,0,0,0,0,0,0,0,0,0,0,0,0,18117.8250604382,0,8.50600859219804,0,0,0,0,0,0,0,0,0,0,0,0,163.651134983541,0,0,0,0,0,0,0,0,0,0,0,0,0,0,0,0,0,0,0,0,0,0,0,0,0,0,0,0,22254.3,0,0,22080.6469554512,0,8.50600859219804,0,0,0,0,0,0,0,0,0,0,0,0,165.13318008901,0,0,0,0,0,3964.30394011848,0,18289.9822040139,0,22254.3,100
"13","Kenya","Kiambu",1040.83731424619,2.82640602599139,14453.1031640907,0,0,0,0,0,0,0,0,515.945859073174,5.07062878193864,0,0,0,0,0,0,0,0,0,0,0,0,0,0,0,0,0,0,0,0,0,0,0,0,0,0,0,0,0,0,0,0,0,0,0,29705.5529929633,0,0.755073016683306,19.476904033763,0,0,0,0,0,433.623003670102,69.3676092082842,0,0,0,0,0.379462101288812,0,0,0,0,0,0,0,0,0,0,0,0,0,0,0,0,0,0,0,0,0,0,0,0,0,0,0,0,46246.9,1040.83731424619,2.82640602599139,44158.6561570539,0,0.755073016683306,19.476904033763,0,0,0,0,0,949.568862743276,74.4382379902228,0,0,0,0,0.379462101288812,0,0,0,0,0,16017.783372218,0,30229.1550449934,0,46246.9,100
"14","Kenya","Kilifi",0,0,0,0,0,0,0,0,0,0,0,0,0,0,0,0,0,0,0,0,0,0,0,0,0,0,0,0,0,0,0,0,0,0,0,0,0,0,0,0,0,0,0,0,0,0,0,0,0,0,0,0,0,0,0,0,0,0,0,0,0,0,0,0,0,0,0,0,0,0,0,0,0,0,0,0,0,0,0,0,0,0,0,0,0,0,0,0,0,0,0,0,0,0,0,0,0,0,0,0,0,0,0,0,0,0,0,0,0,0,0,0,0,0,0,0,0,0,0,0,0,NA
"15","Kenya","Kirinyaga",882.006542043047,2.8394047887727,11933.4616132808,1054.23754479217,0.081005466557917,10.4184317577523,0,0,0,0,0,345.433277839769,0,0,0,0,0,0,0,0,0,0,0,0,0,0,0,0,0,0,0,0,0,0,0,0,0,0,0,0,0,0,0,0,0,0,0,0,14920.1602818753,6314.20935889217,0.475760087121011,0,0,0,0,0,0,0,0,0,0,37.469050579229,0,0,0,0,0,0,0,0,0,0,0,0,0,0,0,0,0,0,0,0,0,0,0,0,0,0,0,0,0,0,35500.9,882.006542043047,2.8394047887727,26853.6218951561,7368.44690368434,0.556765553678928,10.4184317577523,0,0,0,0,0,345.433277839769,0,0,0,37.469050579229,0,0,0,0,0,0,0,14228.4778199688,0,21272.3144514339,0,35500.9,100
"16","Kenya","Kisii",125628.735250362,9992.3674184483,317.697258530775,0,176.712425923581,0,0,0,0,18639.5229304149,0,1135.73402875815,0,0,430.822586184508,0,1181.16557610809,4973.48453432885,0,1102.62881638214,0,0,0,0,0,0,0,0,0,0,0,0,0,0,0,0,0,0,0,0,0,0,0,0,0,0,30785.9565759464,2863.6454317703,0,0,86.2891320018684,0,0,0,0,6436.86208444531,0,507.110005908246,0,0,30.4219089601693,0,657.61739678272,1127.71236392292,0,0,0,0,0,0,0,0,0,0,0,0,0,0,0,0,0,0,0,0,0,0,0,0,0,0,0,0,206074.5,156414.691826308,12856.0128502186,317.697258530775,0,263.001557925449,0,0,0,0,25076.3850148602,0,1642.8440346664,0,0,461.244495144677,0,1838.78297289081,6101.19689825178,0,1102.62881638214,0,0,0,163578.870825441,0,42495.614899738,0,206074.5,100
"17","Kenya","Kisumu",0,0,0,0,0,0,0,0,0,0,0,0,0,0,0,0,0,0,0,0,0,0,0,0,0,0,0,0,0,0,0,0,0,0,0,0,0,0,0,0,0,0,0,0,0,0,14886.63257759,3874.99926019666,6356.31443602015,0,0,0,0,0,0,58.6060325895758,0,2.08788414826429,588.917350944066,0,379.074444611311,0,7.35779421579694,1021.42161328647,0,0,0,0,0,0,0,0,0,0,0,0,0,0,0,0,0,0,0,0,0,0,0,0,0,0,0,0,27175.4,14886.63257759,3874.99926019666,6356.31443602015,0,0,0,0,0,0,58.6060325895758,0,2.08788414826429,588.917350944066,0,379.074444611311,0,7.35779421579694,1021.42161328647,0,0,0,0,0,0,0,27175.4113936022,0,27175.4,100
"18","Kenya","Kitui",0,0,0,0,0,0,0,0,0,0,0,0,0,0,0,0,0,0,0,0,0,0,0,0,0,0,0,0,0,0,0,0,0,0,0,0,0,0,0,0,0,0,0,0,0,0,2337.68909921576,478.59811657124,60332.3535990178,0,0,0,0,0,0,174.291647684609,0,0,2.54495696852827,0,1419.7231632864,36668.0589649153,0,0,0,0,0,0,0,0,0,0,0,0,0,0,0,0,0,0,0,0,0,0,0,0,0,0,0,0,0,0,101413.4,2337.68909921576,478.59811657124,60332.3535990178,0,0,0,0,0,0,174.291647684609,0,0,2.54495696852827,0,1419.7231632864,36668.0589649153,0,0,0,0,0,0,0,0,0,101413.25954766,0,101413.4,100
"19","Kenya","Kwale",0,0,0,0,0,0,0,0,0,0,0,0,0,0,0,0,0,0,0,0,0,0,0,0,0,0,0,0,0,0,0,0,0,0,0,0,0,0,0,0,0,0,0,0,0,0,153.297610652006,203.105127089424,84.6879084145352,0,0,0,0,0,0,0.446168373551323,0,0,10.3249984095707,0,27.6392616215821,0.998609222146075,0,0,0,0,0,0,0,0,0,0,0,0,0,0,0,0,0,0,0,0,0,0,0,0,0,0,0,0,0,0,480.5,153.297610652006,203.105127089424,84.6879084145352,0,0,0,0,0,0,0.446168373551323,0,0,10.3249984095707,0,27.6392616215821,0.998609222146075,0,0,0,0,0,0,0,0,0,480.499683782815,0,480.5,100
"20","Kenya","Laikipia",0,0,0,0,0,0,0,0,0,0,0,0,0,0,0,0,0,0,0,0,0,0,0,0,0,0,0,0,0,0,0,0,0,0,0,0,0,0,0,0,0,0,0,0,0,0,0,0,0,0,0,0,0,0,0,0,0,0,0,0,0,0,0,0,0,0,0,0,0,0,0,0,0,0,0,0,0,0,0,0,0,0,0,0,0,0,0,0,0,0,0,0,0,0,0,0,0,0,0,0,0,0,0,0,0,0,0,0,0,0,0,0,0,0,0,0,0,0,0,0,0,NA
"21","Kenya","Lamu",0,0,0,0,0,0,0,0,0,0,0,0,0,0,0,0,0,0,0,0,0,0,0,0,0,0,0,0,0,0,0,0,0,0,0,0,0,0,0,0,0,0,0,0,0,0,0,0,1.82438412073645,0,0,0,0,0,0,0,0,0,0,0,0,156.083152240514,0,0,0,0,0,0,0,0,0,0,0,0,0,0,0,0,0,0,0,0,0,0,0,0,0,0,0,0,0,0,157.9,0,0,1.82438412073645,0,0,0,0,0,0,0,0,0,0,0,0,156.083152240514,0,0,0,0,0,0,0,0,0,157.90753636125,0,157.9,100
"22","Kenya","Machakos",0,0,0,0,0,0,0,0,0,0,0,0,0,0,0,0,0,0,0,0,0,0,0,0,0,0,0,0,0,0,0,0,0,0,0,0,0,0,0,0,0,0,0,0,0,0,136810.786967697,8214.78462047185,204478.500709256,0,3052.12302531958,0,0,873.297101358723,0,1493.33432133174,0,32.1300465945477,4306.10377018368,0,22716.4419790216,90363.0075449857,0,0,0,203.117815179645,0,0,0,0,0,0,0,0,0,0,0,0,0,0,0,0,0,0,0,0,0,0,0,0,0,0,472543.6,136810.786967697,8214.78462047185,204478.500709256,0,3052.12302531958,0,0,873.297101358723,0,1493.33432133174,0,32.1300465945477,4306.10377018368,0,22716.4419790216,90363.0075449857,0,0,0,203.117815179645,0,0,0,0,0,472543.6279014,0,472543.6,100
"23","Kenya","Makueni",0,0,0,0,0,0,0,0,0,0,0,0,0,0,0,0,0,0,0,0,0,0,0,0,0,0,0,0,0,0,0,0,0,0,0,0,0,0,0,0,0,0,0,0,0,0,44612.9185146794,3336.15299845719,88045.8779295205,0,2619.81995746025,0,0,0,0,476.216577606036,0,4.11453443252793,579.404221829678,0,17829.3318863401,41399.2392832106,0,0.272115998751268,0,0,0,0,0,0,0,0,0,0,0,0,0,0,0,0,0,0,0,0,0,0,0,0,0,0,0,0,198903.4,44612.9185146794,3336.15299845719,88045.8779295205,0,2619.81995746025,0,0,0,0,476.216577606036,0,4.11453443252793,579.404221829678,0,17829.3318863401,41399.2392832106,0,0.272115998751268,0,0,0,0,0,0,0,198903.348019535,0,198903.4,100
"24","Kenya","Mandera",0,0,0,0,0,0,0,0,0,0,0,0,0,0,0,0,0,0,0,0,0,0,0,0,0,0,0,0,0,0,0,0,0,0,0,0,0,0,0,0,0,0,0,0,0,0,0,0,0,0,0,0,0,0,0,0,0,0,0,0,0,0,0,0,0,0,0,0,0,0,0,0,0,0,0,0,0,0,0,0,0,0,0,0,0,0,0,0,0,0,0,0,0,0,0,0,0,0,0,0,0,0,0,0,0,0,0,0,0,0,0,0,0,0,0,0,0,0,0,0,0,NA
"25","Kenya","Marsabit",0,0,0,0,0,0,0,0,0,0,0,0,0,0,0,0,0,0,0,0,0,0,0,0,0,0,0,0,0,0,0,0,0,0,0,0,0,0,0,0,0,0,0,0,0,0,0,0,313.140085467645,0,0,0,0,0,0,0,0,0,0,0,0,0,0,4.6024821124239,0,0,0,0,0,0,0,0,0,0,0,0,0,0,0,0,0,0,0,0,0,0,0,0,0,0,0,0,317.7,0,0,313.140085467645,0,0,0,0,0,0,0,0,0,0,0,0,0,0,4.6024821124239,0,0,0,0,0,0,0,317.742567580069,0,317.7,100
"26","Kenya","Meru",0,0,11407.1775926998,0,74.3594437604906,0,0,0,0,0,0,0,0,0,0,78.1150318236701,0,0,0,0,0,0,0,0,0,0,0,0,0,0,0,0,0,0,0,0,0,0,0,0,0,0,0,0,0,0,3686.6127027467,297.360841576356,35686.724260142,0,570.034646206684,291.766179336737,58.6593577559006,0,0,509.507088797749,0,563.887780252924,31.1083542296819,0,173.127984728606,1104.18287253676,0,2059.90948961409,0,0,0,0,0,0,0,0,0,0,0,0,0,0,0,0,0,0,0,0,0,0,0,0,0,0,0,0,56592.6,3686.6127027467,297.360841576356,47093.9018528418,0,644.394089967174,291.766179336737,58.6593577559006,0,0,509.507088797749,0,563.887780252924,31.1083542296819,0,173.127984728606,1182.29790436043,0,2059.90948961409,0,0,0,0,0,11559.6520682839,0,45032.8815579242,0,56592.6,100
"27","Kenya","Migori",2777.646984272,835.338866149585,171.060903067291,0,0,0,0,0,0,536.672868059795,60.7715694095295,157.70434665076,98.1993805061975,0,18.9084392037789,0,45.0577651812237,242.469678740043,0,0,0,0,0,0,0,0,0,0,0,0,0,0,0,0,0,0,0,0,0,0,0,0,0,0,0,0,98938.9295216646,30151.1224348334,4941.7613511829,122.567479493759,203.678485436713,0,0,0,0,7002.91829922293,438.175756818084,3271.74574005286,666.454319870019,0,2209.42386618234,0,362.913838595433,4468.98951013295,0,0,0,0,0,0,0,0,0,0,0,0,0,0,0,0,0,0,0,0,0,0,0,0,0,0,0,0,157722.6,101716.576505937,30986.461300983,5112.8222542502,122.567479493759,203.678485436713,0,0,0,0,7539.59116728272,498.947326227613,3429.45008670362,764.653700376217,0,2228.33230538612,0,407.971603776656,4711.45918887299,0,0,0,0,0,4943.8308012402,0,152778.680603486,0,157722.6,100
"28","Kenya","Mombasa",0,0,0,0,0,0,0,0,0,0,0,0,0,0,0,0,0,0,0,0,0,0,0,0,0,0,0,0,0,0,0,0,0,0,0,0,0,0,0,0,0,0,0,0,0,0,0,0,0,0,0,0,0,0,0,0,0,0,0,0,0,0,0,0,0,0,0,0,0,0,0,0,0,0,0,0,0,0,0,0,0,0,0,0,0,0,0,0,0,0,0,0,0,0,0,0,0,0,0,0,0,0,0,0,0,0,0,0,0,0,0,0,0,0,0,0,0,0,0,0,0,NA
"29","Kenya","Murang'a",7778.26744558856,55.6152133580544,14726.4235804779,0,0,11.3320657076584,0,0,0,0,0,2180.19028807904,67.5309028403885,0,0,0,0,0,0,0,0,0,0,0,0,0,0,0,0,0,0,0,0,0,0,0,0,0,0,0,0,0,0,0,0,0,0,0,15961.6104426995,0,1.81265314616545,0,0,0,0,0,0,0,0,0,0,1587.56425770464,0,0,0,0,0,0,0,0,0,0,0,0,0,0,0,0,0,0,0,0,0,0,0,0,0,0,0,0,0,0,42370.3,7778.26744558856,55.6152133580544,30688.0340231774,0,1.81265314616545,11.3320657076584,0,0,0,0,0,2180.19028807904,67.5309028403885,0,0,1587.56425770464,0,0,0,0,0,0,0,24819.3594960516,0,17550.9873535503,0,42370.3,100
"30","Kenya","Nairobi",0,0,0,0,0,0,0,0,0,0,0,0,0,0,0,0,0,0,0,0,0,0,0,0,0,0,0,0,0,0,0,0,0,0,0,0,0,0,0,0,0,0,0,0,0,0,0,0,12061.2546981889,0,0,0,0,0,0,0,0,0,0,0,0,0,0,0,0,0,0,0,0,0,0,0,0,0,0,0,0,0,0,0,0,0,0,0,0,0,0,0,0,0,0,0,12061.3,0,0,12061.2546981889,0,0,0,0,0,0,0,0,0,0,0,0,0,0,0,0,0,0,0,0,0,0,12061.2546981889,0,12061.3,100
"31","Kenya","Nakuru",0,0,1429.22165441818,0,0,0,0,0,0,0,0,0,0,0,0,0,0,1.66217529912676,0,0,0,0,0,0,0,0,0,0,0,0,0,0,0,0,0,0,0,0,0,0,0,0,0,0,0,0,0,0,308.818252170022,0,0,0,0,0,0,0,0,0,0,0,0,0,0,13.391787086166,0,0,0,0,0,0,0,0,0,0,0,0,0,0,0,0,0,0,0,0,0,0,0,0,0,0,0,0,1753.1,0,0,1738.0399065882,0,0,0,0,0,0,0,0,0,0,0,0,0,0,15.0539623852927,0,0,0,0,0,1430.88382971731,0,322.210039256188,0,1753.1,100
"32","Kenya","Nandi",6507.37428939831,283.948025506304,6135.78680276391,0,0.780847226695769,26.6862266504688,0,0,0,81.0007387065152,0,166.845903320514,208.052528110618,0,45.6707076314729,0,0.144935000364397,21.4965868178597,0,0,0,0,0,0,0,0,0,0,0,0,0,0,0,0,0,0,0,0,0,0,0,0,0,0,0,0,10360.9993360712,1008.24563262883,9003.05382075558,0,0.703224812875309,41.3370002769905,0,0,0,162.784016344577,0,173.143172466319,191.959001408316,0,220.150329494885,0,0.925679499300486,484.644759137656,0,0,0,0,0,0,0,0,0,0,0,0,0,0,0,0,0,0,0,0,0,0,0,0,0,0,0,0,35125.7,16868.3736254695,1292.19365813514,15138.8406235195,0,1.48407203957108,68.0232269274593,0,0,0,243.784755051092,0,339.989075786834,400.011529518934,0,265.821037126358,0,1.07061449966488,506.141345955516,0,0,0,0,0,13477.787591133,0,21647.9459728966,0,35125.7,100
"33","Kenya","Narok",58664.8191232924,443.981497182649,3182.91071186579,0,0,0,0,0,0,3079.5073897464,0,293.882336294134,0,0,0,0,0,345.398415751104,0,0,0,0,0,0,0,0,0,0,0,0,0,0,0,0,0,0,0,0,0,0,0,0,0,0,0,0,72287.7085407843,823.643748174209,11429.4488089615,4.3891352911433,11.4417620363354,0.980681860823005,0,15.1027807527953,0,1981.31300698338,0,382.15494298746,278.738302326363,0,24.1235406998226,0,16.3827540815216,226.981400835361,0,0,0,0,45.8892185426448,0,0,0,0,0,0,0,0,0,0,0,0,0,0,0,0,0,0,0,0,0,0,0,153538.8,130952.527664077,1267.62524535686,14612.3595208273,4.3891352911433,11.4417620363354,0.980681860823005,0,15.1027807527953,0,5060.82039672978,0,676.037279281594,278.738302326363,0,24.1235406998226,0,16.3827540815216,572.379816586465,0,0,0,0,45.8892185426448,66010.4994741325,0,87528.2986243177,0,153538.8,100
"34","Kenya","Nyamira",106475.843570971,1885.97125679661,1095.21853241416,0,3.67662350107014,0.900511068363322,0,16.3633673806165,0,1046.17855314977,0,878.591932095017,74.0220057746974,0,0,0,6.12347537988768,1109.86684431824,0,0,0,0,49.7194628791708,0,0,0,0,0,0,0,0,0,0,0,0,0,0,0,0,0,0,0,0,0,0,0,18121.1227053431,1073.80728038251,0,0,49.260439227317,0,0,0,0,8635.24294255376,0,212.015392357167,0,0,429.265637784373,0,1356.79232061078,533.116295739001,0,0,0,0,0,0,0,0,0,0,0,0,0,0,0,0,0,0,0,0,0,0,0,0,0,0,0,0,143053.1,124596.966276314,2959.77853717911,1095.21853241416,0,52.9370627283871,0.900511068363322,0,16.3633673806165,0,9681.42149570352,0,1090.60732445218,74.0220057746974,0,429.265637784373,0,1362.91579599067,1642.98314005724,0,0,0,0,49.7194628791708,112642.476135729,0,30410.623013998,0,143053.1,100
"35","Kenya","Nyandarua",0,0,0,0,0,0,0,0,0,0,0,0,0,0,0,0,0,0,0,0,0,0,0,0,0,0,0,0,0,0,0,0,0,0,0,0,0,0,0,0,0,0,0,0,0,0,0,0,0,0,0,0,0,0,0,0,0,0,0,0,0,0,0,0,0,0,0,0,0,0,0,0,0,0,0,0,0,0,0,0,0,0,0,0,0,0,0,0,0,0,0,0,0,0,0,0,0,0,0,0,0,0,0,0,0,0,0,0,0,0,0,0,0,0,0,0,0,0,0,0,0,NA
"36","Kenya","Nyeri",0,0,5245.99258266712,0,0,1.73848074820734,0,0,0,0,0,203.951244801734,0,0,0,0,0,0,0,0,0,0,0,0,0,0,0,0,0,0,0,0,0,0,0,0,0,0,0,0,0,0,0,0,0,0,0,0,14938.032683594,0,0.159776509545035,0,0,0,0,0,0,0,0,0,0,0,0,0,0,0,0,0,0,0,0,0,0,0,0,0,0,0,0,0,0,0,0,0,0,0,0,0,0,0,0,0,20389.8,0,0,20184.0252662611,0,0.159776509545035,1.73848074820734,0,0,0,0,0,203.951244801734,0,0,0,0,0,0,0,0,0,0,0,5451.68230821706,0,14938.1924601035,0,20389.8,100
"37","Kenya","Samburu",0,0,0,0,0,0,0,0,0,0,0,0,0,0,0,0,0,0,0,0,0,0,0,0,0,0,0,0,0,0,0,0,0,0,0,0,0,0,0,0,0,0,0,0,0,0,0,0,112.920233020056,0,0,0,0,0,0,0,0,0,0,0,0,0,0,50.8822338744416,0,0,0,0,0,0,0,0,0,0,0,0,0,0,0,0,0,0,0,0,0,0,0,0,0,0,0,0,163.8,0,0,112.920233020056,0,0,0,0,0,0,0,0,0,0,0,0,0,0,50.8822338744416,0,0,0,0,0,0,0,163.802466894498,0,163.8,100
"38","Kenya","Siaya",12721.8710726685,3273.23263710065,0,0,0,0,0,0,0,106.580554975966,0,1.65570654432503,0,0,147.982066340799,0,0,487.972187838561,0,34.9848976535839,0,0,0,0,0,0,0,0,0,0,0,0,0,0,0,0,0,0,0,0,0,0,0,0,0,0,73970.4264673929,16905.7933686887,14735.6410929787,0,0,0,0,0,0,517.778061143587,0,8.36834498024008,1273.3728527172,586.387384602542,939.624607516537,0,39.6150657071589,2719.11260717396,779.280498098142,76.8017247298928,0,0,75.1721816854069,0,0,0,0,0,0,0,0,0,0,0,0,0,0,0,0,0,0,0,0,0,0,0,129401.7,86692.2975400614,20179.0260057893,14735.6410929787,0,0,0,0,0,0,624.358616119553,0,10.0240515245651,1273.3728527172,586.387384602542,1087.60667385734,0,39.6150657071589,3207.08479501252,779.280498098142,111.786622383477,0,0,75.1721816854069,16774.2791231223,0,112627.374257415,0,129401.7,100
"39","Kenya","Taita Taveta",0,0,0,0,0,0,0,0,0,0,0,0,0,0,0,0,0,0,0,0,0,0,0,0,0,0,0,0,0,0,0,0,0,0,0,0,0,0,0,0,0,0,0,0,0,0,0,0,1187.40264725393,0,185.610574542768,0,0,0,0,0,0,0,0,0,0,95.28839755539,0,0,0,0,0,0,0,0,0,0,0,0,0,0,0,0,0,0,0,0,0,0,0,0,0,0,0,0,0,0,1468.3,0,0,1187.40264725393,0,185.610574542768,0,0,0,0,0,0,0,0,0,0,95.28839755539,0,0,0,0,0,0,0,0,0,1468.30161935208,0,1468.3,100
"40","Kenya","Tana River",0,0,0,0,0,0,0,0,0,0,0,0,0,0,0,0,0,0,0,0,0,0,0,0,0,0,0,0,0,0,0,0,0,0,0,0,0,0,0,0,0,0,0,0,0,0,0,0,0,0,0,0,0,0,0,0,0,0,0,0,0,0,0,0,0,0,0,0,0,0,0,0,0,0,0,0,0,0,0,0,0,0,0,0,0,0,0,0,0,0,0,0,0,0,0,0,0,0,0,0,0,0,0,0,0,0,0,0,0,0,0,0,0,0,0,0,0,0,0,0,0,NA
"41","Kenya","Tharaka-Nithi",3136.56028831159,10.7823807881334,6494.13888579654,0,0,0,0,0,0,0,0,0,0,0,0,0,0,0,0,0,0,0,0,0,0,0,0,0,0,0,0,0,0,0,0,0,0,0,0,0,0,0,0,0,0,0,0,0,15362.1967431104,0,0,0,0,0,0,0,0,0,0,0,0,359.741489806076,0,225.331489214474,0,0,0,0,0,0,0,0,0,0,0,0,0,0,0,0,0,0,0,0,0,0,0,0,0,0,0,0,25588.7,3136.56028831159,10.7823807881334,21856.3356289069,0,0,0,0,0,0,0,0,0,0,0,0,359.741489806076,0,225.331489214474,0,0,0,0,0,9641.48155489626,0,15947.2697221309,0,25588.7,100
"42","Kenya","Trans Nzoia",3549.04898984809,7.44850170650182,1423.99738327798,0,0,163.317005032259,0,0,0,72.18209444276,0,97.7300979972097,79.7385515452697,0,0,0,0,3.2492417364673,0,0,0,0,0,0,0,0,0,0,0,0,0,0,0,0,0,0,0,0,0,0,0,0,0,0,0,0,0,0,5409.99902048935,0,0,0,0,0,0,0,0,0,0,0,0,0,0,11.1975028818345,0,0,0,0,0,0,0,0,0,0,0,0,0,0,0,0,0,0,0,0,0,0,0,0,0,0,0,0,10817.9,3549.04898984809,7.44850170650182,6833.99640376733,0,0,163.317005032259,0,0,0,72.18209444276,0,97.7300979972097,79.7385515452697,0,0,0,0,14.4467446183018,0,0,0,0,0,5396.71186558654,0,5421.19652337119,0,10817.9,100
"43","Kenya","Turkana",0,0,0,0,0,0,0,0,0,0,0,0,0,0,0,0,0,0,0,0,0,0,0,0,0,0,0,0,0,0,0,0,0,0,0,0,0,0,0,0,0,0,0,0,0,0,0,0,0,0,0,0,0,0,0,0,0,0,0,0,0,0,0,0,0,0,0,0,0,0,0,0,0,0,0,0,0,0,0,0,0,0,0,0,0,0,0,0,0,0,0,0,0,0,0,0,0,0,0,0,0,0,0,0,0,0,0,0,0,0,0,0,0,0,0,0,0,0,0,0,0,NA
"44","Kenya","Uasin Gishu",0,0,0,0,0,0,0,0,0,0,0,0,0,0,0,0,0,0,0,0,0,0,0,0,0,0,0,0,0,0,0,0,0,0,0,0,0,0,0,0,0,0,0,0,0,0,0,0,1426.82590545033,0,0.609906034464011,0,0,0,0,0,0,0,0,0,0,0,0,0,0,0,0,0,0,0,0,0,0,0,0,0,0,0,0,0,0,0,0,0,0,0,0,0,0,0,0,0,1427.4,0,0,1426.82590545033,0,0.609906034464011,0,0,0,0,0,0,0,0,0,0,0,0,0,0,0,0,0,0,0,0,1427.43581148479,0,1427.4,100
"45","Kenya","Vihiga",9793.27112633857,1406.94617979671,10126.484907702,0,1.18080172074194,0,0,0,0,160.432429230636,0,315.49393517341,774.193699817719,0,218.200013943129,0,9.33015939587244,154.389823992035,0,0,0,0,0,0,0,0,0,0,0,0,0,0,0,0,0,0,0,0,0,0,0,0,0,0,0,0,126894.361016921,20146.6753719698,89249.9964525675,0,1.23234463384971,11.0461450089815,0,0,0,195.163267716113,0,1135.00623168192,8967.17438875027,0,2407.13524556117,0,43.6202902986021,3214.24857750425,0,0,0,0,0,0,0,0,0,0,0,0,0,0,0,0,0,0,0,0,0,0,0,0,0,0,0,0,275225.5,136687.632143259,21553.6215517665,99376.4813602695,0,2.41314635459165,11.0461450089815,0,0,0,355.595696946749,0,1450.50016685533,9741.36808856799,0,2625.3352595043,0,52.9504496944745,3368.63840149629,0,0,0,0,0,22959.9230771108,0,252265.659332613,0,275225.5,100
"46","Kenya","Wajir",0,0,0,0,0,0,0,0,0,0,0,0,0,0,0,0,0,0,0,0,0,0,0,0,0,0,0,0,0,0,0,0,0,0,0,0,0,0,0,0,0,0,0,0,0,0,0,0,0,0,0,0,0,0,0,0,0,0,0,0,0,0,0,0,0,0,0,0,0,0,0,0,0,0,0,0,0,0,0,0,0,0,0,0,0,0,0,0,0,0,0,0,0,0,0,0,0,0,0,0,0,0,0,0,0,0,0,0,0,0,0,0,0,0,0,0,0,0,0,0,0,NA
"47","Kenya","West Pokot",8153.09183236657,1398.59413340336,9369.25778761764,0,0,81.9949990565399,0,0,0,2329.17650076153,0,5788.22927684235,0,0,0,0,0,0,0,0,0,0,1.74105881789603,0,0,0,0,0,0,0,0,0,0,0,0,0,0,0,0,0,0,0,0,0,0,0,3348.95214000232,440.544997664528,5840.22835640547,0,0,70.8929191490178,0,0,0,906.429346593444,0,2886.65094385946,0,0,0,0,0,0.901199833105856,0,0,0,0,0,0,0,0,0,0,0,0,0,0,0,0,0,0,0,0,0,0,0,0,0,0,0,0,40616.7,11502.0439723689,1839.13913106789,15209.4861440231,0,0,152.887918205558,0,0,0,3235.60584735498,0,8674.88022070181,0,0,0,0,0,0.901199833105856,0,0,0,0,1.74105881789603,27122.0855888659,0,13494.5999035073,0,40616.7,100
