"","COUNTRY","NAME_1","MAIZ_curr_usd_l_ph_h_hp","SORG_curr_usd_l_ph_h_hp","BEAN_curr_usd_l_ph_h_hp","CHIC_curr_usd_l_ph_h_hp","LENT_curr_usd_l_ph_h_hp","WHEA_curr_usd_l_ph_h_hp","BARL_curr_usd_l_ph_h_hp","ACOF_curr_usd_l_ph_h_hp","RCOF_curr_usd_l_ph_h_hp","PMIL_curr_usd_l_ph_h_hp","SMIL_curr_usd_l_ph_h_hp","POTA_curr_usd_l_ph_h_hp","SWPO_curr_usd_l_ph_h_hp","CASS_curr_usd_l_ph_h_hp","COWP_curr_usd_l_ph_h_hp","PIGE_curr_usd_l_ph_h_hp","SOYB_curr_usd_l_ph_h_hp","GROU_curr_usd_l_ph_h_hp","SUGC_curr_usd_l_ph_h_hp","COTT_curr_usd_l_ph_h_hp","COCO_curr_usd_l_ph_h_hp","TEAS_curr_usd_l_ph_h_hp","TOBA_curr_usd_l_ph_h_hp","MAIZ_curr_usd_l_ph_l_hp","SORG_curr_usd_l_ph_l_hp","BEAN_curr_usd_l_ph_l_hp","CHIC_curr_usd_l_ph_l_hp","LENT_curr_usd_l_ph_l_hp","WHEA_curr_usd_l_ph_l_hp","BARL_curr_usd_l_ph_l_hp","ACOF_curr_usd_l_ph_l_hp","RCOF_curr_usd_l_ph_l_hp","PMIL_curr_usd_l_ph_l_hp","SMIL_curr_usd_l_ph_l_hp","POTA_curr_usd_l_ph_l_hp","SWPO_curr_usd_l_ph_l_hp","CASS_curr_usd_l_ph_l_hp","COWP_curr_usd_l_ph_l_hp","PIGE_curr_usd_l_ph_l_hp","SOYB_curr_usd_l_ph_l_hp","GROU_curr_usd_l_ph_l_hp","SUGC_curr_usd_l_ph_l_hp","COTT_curr_usd_l_ph_l_hp","COCO_curr_usd_l_ph_l_hp","TEAS_curr_usd_l_ph_l_hp","TOBA_curr_usd_l_ph_l_hp","MAIZ_curr_usd_h_ph_h_hp","SORG_curr_usd_h_ph_h_hp","BEAN_curr_usd_h_ph_h_hp","CHIC_curr_usd_h_ph_h_hp","LENT_curr_usd_h_ph_h_hp","WHEA_curr_usd_h_ph_h_hp","BARL_curr_usd_h_ph_h_hp","ACOF_curr_usd_h_ph_h_hp","RCOF_curr_usd_h_ph_h_hp","PMIL_curr_usd_h_ph_h_hp","SMIL_curr_usd_h_ph_h_hp","POTA_curr_usd_h_ph_h_hp","SWPO_curr_usd_h_ph_h_hp","CASS_curr_usd_h_ph_h_hp","COWP_curr_usd_h_ph_h_hp","PIGE_curr_usd_h_ph_h_hp","SOYB_curr_usd_h_ph_h_hp","GROU_curr_usd_h_ph_h_hp","SUGC_curr_usd_h_ph_h_hp","COTT_curr_usd_h_ph_h_hp","COCO_curr_usd_h_ph_h_hp","TEAS_curr_usd_h_ph_h_hp","TOBA_curr_usd_h_ph_h_hp","MAIZ_curr_usd_h_ph_l_hp","SORG_curr_usd_h_ph_l_hp","BEAN_curr_usd_h_ph_l_hp","CHIC_curr_usd_h_ph_l_hp","LENT_curr_usd_h_ph_l_hp","WHEA_curr_usd_h_ph_l_hp","BARL_curr_usd_h_ph_l_hp","ACOF_curr_usd_h_ph_l_hp","RCOF_curr_usd_h_ph_l_hp","PMIL_curr_usd_h_ph_l_hp","SMIL_curr_usd_h_ph_l_hp","POTA_curr_usd_h_ph_l_hp","SWPO_curr_usd_h_ph_l_hp","CASS_curr_usd_h_ph_l_hp","COWP_curr_usd_h_ph_l_hp","PIGE_curr_usd_h_ph_l_hp","SOYB_curr_usd_h_ph_l_hp","GROU_curr_usd_h_ph_l_hp","SUGC_curr_usd_h_ph_l_hp","COTT_curr_usd_h_ph_l_hp","COCO_curr_usd_h_ph_l_hp","TEAS_curr_usd_h_ph_l_hp","TOBA_curr_usd_h_ph_l_hp","total","MAIZ_curr_usd","SORG_curr_usd","BEAN_curr_usd","CHIC_curr_usd","LENT_curr_usd","WHEA_curr_usd","BARL_curr_usd","ACOF_curr_usd","RCOF_curr_usd","PMIL_curr_usd","SMIL_curr_usd","POTA_curr_usd","SWPO_curr_usd","CASS_curr_usd","COWP_curr_usd","PIGE_curr_usd","SOYB_curr_usd","GROU_curr_usd","SUGC_curr_usd","COTT_curr_usd","COCO_curr_usd","TEAS_curr_usd","TOBA_curr_usd","l_ph_h_hp","l_ph_l_hp","h_ph_h_hp","h_ph_l_hp","high_hp","high_hp_perc"
"1","Kenya","Baringo",198725.057341752,4275.64593458126,79645.3573201669,0,0,415263.585050171,14438.6814738143,0,0,14927.7466374485,0,1620434.7179534,5386.86045845929,0,0,0,82.1050041886871,20.9978688105765,0,0,0,0,0,398437.938097588,6461.56535849329,208878.059805924,0,0,25008.1834212888,0,0,0,21557.5810816364,0,2146096.49234497,0,0,0,0,0,0,0,0,0,0,0,198097.919233437,7693.1027198774,136880.556571631,0,0,0,0,5634.51404687592,0,0,0,60546.2955962297,0,0,0,0,132.619957198323,1297.29640216669,0,0,0,0,0,10540245.2479027,229756.104029224,4052016.46493422,0,0,436583.199861617,96892.9188940779,184734.288741703,0,95862.7601847259,0,7191437.64215408,66449.8446457704,0,0,0,15936.4504593704,89449.229419458,0,0,0,27951.8924836511,10748.0296349938,28607986.9,11335506.1625754,248186.418042176,4477420.43863194,0,0,876854.968333077,111331.600367892,190368.802788579,0,132348.087903811,0,11018515.1480487,71836.7051042297,0,0,0,16151.1754207574,90767.5236904353,0,0,0,27951.8924836511,10748.0296349938,2353200.75504279,2806439.8201099,410282.304527415,23038064.0733456,2763483.1,9.7
"2","Kenya","Bomet",2402257.55572764,24651.1068349048,606332.33684409,0,0,212045.229688964,40977.2212506874,11754.2681444696,0,18342.7100330939,0,2344684.44122793,204392.977180115,0,0,0,1112.05767280089,5725.03846594063,0,0,0,695361.611982055,84646.7733515668,973876.363612775,14266.5213232581,316674.810891523,0,0,129717.982960328,19923.2377425091,3405.1995658972,0,12550.0577922401,0,988937.891540182,147608.695464808,0,0,0,0,0,0,0,0,595481.782950496,0,11766470.439006,77386.5245156453,1931033.36216412,0,0,472959.74204873,39124.3499228697,23767.1080101763,0,85220.6759730821,0,7148182.77971112,1205686.22772172,0,0,0,14386.5507854156,12116.6924660485,0,0,0,930971.376873,567480.855765811,5764343.84493081,71649.2302702735,2246632.87024123,0,0,263593.974684204,62413.1793556176,40813.4339657773,0,84398.8245226733,0,7141316.37576612,803261.588469686,0,0,0,4292.42272905335,1495.51480957111,0,0,0,3110080.37241796,147692.848280395,53871497,20906948.2032772,187953.382944082,5100673.38014096,0,0,1078316.92938223,162437.988271684,79740.0096863204,0,200512.268321089,0,17623121.4882453,2360949.48883633,0,0,0,19791.0311872698,19337.2457415603,0,0,0,5331895.14422351,799820.477397773,6652283.32840426,3202442.54384402,24274786.6849637,19741984.4804434,30927070,57.4
"3","Kenya","Bungoma",2639989.65064758,146990.461248158,1100721.65439221,0,0,0,0,0,0,31156.380352856,0,343942.740729919,1452557.67393153,517311.60407376,17094.6485420678,0,3683.24178024427,27682.3999704432,2063338.50887291,0,0,0,899700.348906773,0,0,0,0,0,0,0,0,0,0,0,0,0,0,0,0,0,0,0,0,0,0,0,27241196.5720749,1683100.28462852,16076748.9762682,5489.61113644587,4071.66069545311,54006.3829805056,0,27757.8699353786,0,271608.198552225,18493.8503627524,17820302.9532899,16461719.4098526,6852350.70523635,250239.224817193,0,82455.4164734026,328559.038224475,19441351.4288239,17469.3630236414,0,35549.2581079926,13503924.9536249,9226792.64709235,666796.147598658,5247673.65371886,0,2149.40973128715,714529.318135036,40749.9934580058,19560.5828797184,0,8430.96207318963,0,7903078.8940795,1187507.13026831,40137.3749911806,21496.1426253169,0,15723.1814632347,1133.26649039457,1829561.33768631,0,0,0,2620838.64304759,158966723.1,39107978.8698148,2496886.89347534,22425144.2843792,5489.61113644587,6221.07042674027,768535.701115542,40749.9934580058,47318.4528150971,0,311195.540978271,18493.8503627524,26067324.5880993,19101784.2140524,7409799.68430129,288830.015984578,0,101861.839716882,357374.704685313,23334251.2753831,17469.3630236414,0,35549.2581079926,17024463.9455793,9244169.31344844,0,120176395.158109,29546158.6853389,129420564.5,81.4
"4","Kenya","Busia",2321641.90308166,155012.814449808,1244101.84231336,0,0,0,0,0,0,37163.8056210085,0,970.774001947918,1664539.32184695,882564.754219874,22558.2663439008,0,0,45948.7232904298,2100435.73794252,306.917211077912,0,0,15549.177434661,0,0,0,0,0,0,0,0,0,0,0,0,0,0,0,0,0,0,0,0,0,0,0,18194695.8181161,1170968.75388063,7389589.51717341,0,0,0,0,30378.485104879,204331.55680436,144425.558295527,2323752.29536928,19651.4973828959,11604125.2097135,7488781.89034146,140812.400989334,0,70286.2859495272,398751.241194788,12813388.063752,98103.9446929794,0,12027.9853203658,3762284.15205993,953223.071492385,75596.2100024215,657281.298085044,0,0,0,0,0,134.486689803015,20842.6542376215,0,0,532393.480590744,235630.171947029,14842.0584500564,0,23.0134380840422,18839.3607854132,875489.127995663,25.6300111697279,0,181.195517945421,8506.13595501953,77750156.7,21469560.7926901,1401577.77833286,9290972.65757182,0,0,0,0,30378.485104879,204466.043494163,202432.018154157,2323752.29536928,20622.2713848439,13801058.0121512,8606976.81650836,178212.725783292,0,70309.2993876112,463539.325270631,15789312.9296902,98436.491915227,0,12209.1808383112,3786339.46544961,8490794.0377572,0,65866354.6561409,3393007.8951984,74357148.8,95.6
"5","Kenya","Elgeyo-Marakwet",2830492.1585664,158921.470221642,2446080.15607363,0,0,1265185.66013388,28472.3463249154,3628.96806669249,0,148059.060951466,0,18484682.4356971,30900.3052739043,0,0,0,77.1289471204813,251.52988430836,0,0,0,0,9348.36802271517,0,0,0,0,0,0,0,0,0,0,0,0,0,0,0,0,0,0,0,0,0,0,0,6159546.39747605,234050.239594965,3206507.97243656,0,0,993473.449934095,40400.3024341912,1843.26306392273,0,413797.102532475,0,14304246.196935,702924.013248084,0,0,0,94.5451599897689,14861.798168002,2547.46311202327,0,0,0,72892.9897241695,7513515.57525294,24859.5037956853,2531490.25423726,0,0,4226101.46505384,107244.080295184,9079.79871116329,0,448492.801733228,0,2569925.30734903,124974.102245252,0,0,0,686.148180124356,42683.5569274336,17868.6350930353,0,0,0,0,69170206.5,16503554.1312954,417831.213612293,8184078.38274745,0,0,6484760.57512182,176116.729054291,14552.0298417785,0,1010348.96521717,0,35358853.9399811,858798.420767241,0,0,0,857.822287234606,57796.884979744,20416.0982050586,0,0,0,82241.3577468847,25406099.5881638,0,26147185.7338195,17616921.2288742,51553285.2,74.5
"6","Kenya","Embu",2912395.16947027,4407.08087357024,2562766.31203076,0,0,0,0,628360.941782012,0,0,0,3653382.11918499,0,0,0,0,0,0,0,0,0,1229454.73413105,8963.47178856658,0,0,0,0,0,0,0,0,0,0,0,0,0,0,0,0,0,0,0,0,0,0,0,4977257.28624453,88003.7105153424,3298959.91392282,53115.0105494647,9.27629826703033,0,0,1202752.10915274,0,34218.3108599515,0,911763.484517648,126154.487886619,51014.5729593873,178736.29253749,47204.4610789235,135.338066203443,0,0,18455.0628501599,0,382156.214011107,289848.782218134,13902620.6283279,1200268.72143272,7359487.17743515,0,0,0,0,690484.328132189,0,582941.46027049,0,441130.061779942,3043781.14248577,1160311.41598088,2042274.39191229,984403.458868779,1262.21604156243,0,0,329258.042340645,0,89200.0091138811,2588033.96743461,57074971.2,21792273.0840427,1292679.51282164,13221213.4033887,53115.0105494647,9.27629826703033,0,0,2521597.37906694,0,617159.771130441,0,5006275.66548258,3169935.63037238,1211325.98894027,2221010.68444978,1031607.9199477,1397.55410776587,0,0,347713.105190805,0,1700810.95725604,2886846.22144131,10999729.8292612,0,11659784.3136688,34415457.0215568,22659514.1,39.7
"7","Kenya","Garissa",0,0,0,0,0,0,0,0,0,0,0,0,0,0,0,0,0,0,0,0,0,0,0,0,0,0,0,0,0,0,0,0,0,0,0,0,0,0,0,0,0,0,0,0,0,0,0,0,0,0,0,0,0,0,0,0,0,0,0,0,0,0,0,0,0,0,0,0,0,225389.713102741,432394.135733101,293586.375944954,0,0,0,0,0,0,95.7224808086927,0,0,173470.495881173,4003009.08680263,30293.7200243658,2152.57983945342,0,15293.6195669014,2095.41789146626,6522.21963349318,0,0,0,5184303,225389.713102741,432394.135733101,293586.375944954,0,0,0,0,0,0,95.7224808086927,0,0,173470.495881173,4003009.08680263,30293.7200243658,2152.57983945342,0,15293.6195669014,2095.41789146626,6522.21963349318,0,0,0,0,0,0,5184303.08690109,0,0
"8","Kenya","Homa Bay",1160752.54800771,193383.254095014,0,0,1658.7494163543,0,0,0,0,74822.4391318914,0,155380.683384004,0,815446.670604128,7683.13721435456,0,13832.3714717646,100128.635141563,329730.854231991,63637.2244497714,0,92306.5971048827,0,0,0,0,0,0,0,0,0,0,0,0,0,0,0,0,0,0,0,0,0,0,0,0,19422314.6512974,2924935.83131426,179396.820803329,0,8104.62342156549,904.379159363647,0,13475.9017721344,0,797541.26495362,0,619334.989914857,173448.044059278,11199417.2422478,224824.238594909,0,160170.641860922,2630500.50204041,14094247.8119381,499911.122146019,0,589881.177666281,0,6833403.22719506,1326249.00873111,0,0,0,0,0,0,0,47320.163997999,0,13086.5373492506,0,3205381.89410058,44082.7286919761,0,1841.5337299181,1042932.64183537,1928094.2945104,167444.059377247,0,0,0,71157008.5,27416470.4265002,4444568.09414039,179396.820803329,0,9763.37283791979,904.379159363647,0,13475.9017721344,0,919683.86808351,0,787802.210648112,173448.044059278,15220245.8069525,276590.10450124,0,175844.547062605,3773561.77901734,16352072.9606805,730992.405973038,0,682187.774771164,0,3008763.16425343,0,53538409.2431903,14609836.0895189,56547172.3,79.5
"9","Kenya","Isiolo",0,0,0,0,0,0,0,0,0,0,0,0,0,0,0,0,0,0,0,0,0,0,0,0,0,0,0,0,0,0,0,0,0,0,0,0,0,0,0,0,0,0,0,0,0,0,0,0,0,0,0,0,0,0,0,0,0,0,0,0,0,0,0,0,0,0,0,0,0,1063191.52480194,247638.549918955,535113.097696974,0,10168.9683621818,18680.4341238118,3549.4096817166,75071.0428664375,0,43019.2534987361,0,253191.670143009,2362516.80375016,97851.5487884288,150174.621658173,92718.6240018767,0,18435.2195268439,0,33836.4532770324,0,7160.21279015983,104839.589417323,5117157,1063191.52480194,247638.549918955,535113.097696974,0,10168.9683621818,18680.4341238118,3549.4096817166,75071.0428664375,0,43019.2534987361,0,253191.670143009,2362516.80375016,97851.5487884288,150174.621658173,92718.6240018767,0,18435.2195268439,0,33836.4532770324,0,7160.21279015983,104839.589417323,0,0,0,5117157.02430377,0,0
"10","Kenya","Kajiado",0,0,0,0,0,0,0,0,0,0,0,0,0,0,0,0,0,0,0,0,0,0,0,0,0,0,0,0,0,0,0,0,0,0,0,0,0,0,0,0,0,0,0,0,0,0,844864.569878459,750.098457369571,926252.272343481,0,0,8161.19463511624,0,94279.1852086162,0,0,15713.1488847551,6462682.97321222,70928.5241194856,0,27332.4702767411,15053.9314468284,0,0,0,0,0,0,0,17725594.3211038,81466.8612727466,19526793.3896417,0,13675.2670402572,299447.067430106,7457.73560756033,250496.404743111,0,45783.9597573539,22796.6171259473,25700803.8346077,521761.36858119,65635.9580330228,219233.498392122,196471.668542042,0,8566.31278855913,0,44133.6092904174,0,201420.34497405,1024.27547722589,73398580.9,18570458.8909823,82216.9597301162,20453045.6619852,0,13675.2670402572,307608.262065222,7457.73560756033,344775.589951728,0,45783.9597573539,38509.7660107023,32163486.8078199,592689.892700675,65635.9580330228,246565.968668863,211525.59998887,0,8566.31278855913,0,44133.6092904174,0,201420.34497405,1024.27547722589,0,0,8466018.36846307,64932562.494409,8466018.4,11.5
"11","Kenya","Kakamega",7621526.61538832,471039.431657042,4211571.13617503,0,0,6927.67307160549,0,0,0,111820.200784415,0,1842512.121047,4727199.51856863,2198739.34581491,73846.5086961289,0,20714.5629539293,134053.145387152,6254304.04850966,0,0,352365.257571057,23305.0172951459,0,0,0,0,0,0,0,0,0,0,0,0,0,0,0,0,0,0,0,0,0,0,0,24550223.2686389,1537728.35859131,12004343.3266987,0,1202.33204301904,5384.96662401757,0,0,0,214082.995904419,0,3544817.0373378,16393466.5131382,5142931.18205303,223345.507250165,0,62859.9815265271,384599.087574915,20821863.7521331,867.044754505655,0,659996.561586648,745292.506012004,0,0,0,0,0,0,0,0,0,0,0,0,0,0,0,0,0,0,0,0,0,0,0,114342928.9,32171749.8840273,2008767.79024835,16215914.4628737,0,1202.33204301904,12312.6396956231,0,0,0,325903.196688834,0,5387329.1583848,21120666.0317069,7341670.52786794,297192.015946293,0,83574.5444804564,518652.232962066,27076167.8006427,867.044754505655,0,1012361.81915771,768597.52330715,28049924.58292,0,86293004.4218673,0,114342928.9,100
"12","Kenya","Kericho",1561628.38198611,29133.2087973497,964726.68266777,0,0,1067810.97595409,62726.7022606094,44441.6588347448,0,22111.0652679471,0,3302090.80089905,16494.5267679564,0,0,0,149.281829448894,564.609323084483,32753.0980325749,0,0,1761116.89751356,0,1671952.82896896,26012.0238962763,826749.548490723,0,0,226889.332229368,26837.4863838816,33348.1503150253,0,15846.360448292,0,1986497.81636447,48321.6114504866,0,0,0,0,870.244945324293,0,0,0,2029989.8793448,0,7066132.81028581,148139.99927476,2358755.82122791,0,1556.03850504091,30958.4937052146,6458.88286972183,161408.104139667,0,101639.770521636,0,2711673.58597238,783709.03233538,475076.533596031,20490.9458745763,0,36041.00666183,31138.2628806167,3540934.5770473,2570.08837556912,0,4088386.43099055,0,7276785.73224738,143533.411381203,3308171.86908105,0,0,127560.681692297,22320.3000012322,191339.530598916,0,149609.694607883,0,4250705.66725885,1172510.82424159,199323.804093449,25488.2032463382,0,1740.09987731873,19234.7862810996,5158087.46885295,8877.34379741003,0,4903861.4063683,0,64283284.4,17576499.7534883,346818.643349589,7458403.92146746,0,1556.03850504091,1453219.48358097,118343.371515445,430537.443888353,0,289206.890845758,0,12250967.8704948,2021035.99479542,674400.337689479,45979.1491209145,0,37930.3883685977,51807.9034301251,8731775.14393283,11447.4321729791,0,12783354.6142172,0,8865747.8901343,6893315.2828376,21565070.384264,26959150.8236273,30430818.3,47.3
"13","Kenya","Kiambu",2552188.03086008,1005.90445579663,2620081.0632571,0,0,0,0,486059.126159275,0,0,0,34026330.2977148,332945.542293979,27197.2803037102,0,0,0,0,0,0,0,2077128.16670278,0,0,0,0,0,0,0,0,0,0,0,0,0,0,0,0,0,0,0,0,0,0,0,0,9030318.88632117,3048.33154052864,5884800.54977074,0,326.216484977599,33202.7019745004,1534.20614738215,1838717.3389614,0,574.879066488315,0,75953865.6452604,1890800.75542612,81335.0530995093,3631.28386995404,0,422.474081131917,125.987208517728,0,0,0,2343231.43268426,359.959690187759,4546948.09282882,14928.4332104594,2675368.110754,0,16534.4295065102,311081.036432651,54128.2690566295,475186.057563823,0,7496.44297107331,0,41407695.4935868,10593029.2622935,252090.457251289,58008.4456035423,114702.560178447,2799.16659147664,1619.20645212949,0,14.4566136706507,0,419194.685279164,587.388540117867,200140643.1,16129455.0100101,18982.6692067846,11180249.7237818,0,16860.6459914878,344283.738407151,55662.4752040116,2799962.5226845,0,8071.32203756163,0,151387891.436562,12816775.5600136,360622.790654508,61639.7294734964,114702.560178447,3221.64067260855,1745.19366064722,0,14.4566136706507,0,4839554.28466621,947.348230305626,42122935.4117476,0,97066295.7015872,60951411.9947142,139189231.1,69.5
"14","Kenya","Kilifi",0,0,0,0,0,0,0,0,0,0,0,0,0,0,0,0,0,0,0,0,0,0,0,0,0,0,0,0,0,0,0,0,0,0,0,0,0,0,0,0,0,0,0,0,0,0,0,0,0,0,0,0,0,0,0,0,0,0,0,0,0,0,0,0,0,0,0,0,0,18352781.4793433,419401.177302597,57989.1310918546,0,0,0,0,0,0,36965.1310465954,0,0,1202948.6142539,19389231.1467234,1281368.31260044,22365.4709521375,0,0,0,0,0,0,0,40763050.6,18352781.4793433,419401.177302597,57989.1310918546,0,0,0,0,0,0,36965.1310465954,0,0,1202948.6142539,19389231.1467234,1281368.31260044,22365.4709521375,0,0,0,0,0,0,0,0,0,0,40763050.4633142,0,0
"15","Kenya","Kirinyaga",2766180.74389832,24699.0068333829,2165695.83616476,113053.952145252,30.9209932635204,29434.3790957216,0,862681.989909511,0,0,0,16914754.7218398,122856.277780719,0,6642.45699532375,0,278.297943818571,0,0,0,0,2064230.079501,168596.144585617,0,0,0,0,0,0,0,0,0,0,0,0,0,0,0,0,0,0,0,0,0,0,0,2774208.77551343,9260.8915093011,2629281.2908407,691353.839603436,162.33522615245,7511.31177934155,0,615818.523479429,0,0,0,5181739.99673183,12025998.2689261,97566.2338146446,30306.5171856457,4989.7683576461,3152.24320774928,0,0,0,0,232697.000683078,0,7911130.37860685,60189.7404364263,5337032.91447513,427521.134432465,75.7564346475218,0,0,1244283.27596818,0,13991.3831933368,0,8211247.07922146,8443662.40073119,211167.194728613,132442.877161389,25864.324588476,4403.82990254087,0,0,34611.4962605416,0,560083.606693293,86344.778578053,82247234,13451519.8980186,94149.6387791103,10132010.0414806,1231928.92618115,269.012654063492,36945.6908750632,0,2722783.78935712,0,13991.3831933368,0,30307741.7977931,20592516.947438,308733.428543258,169391.851342358,30854.0929461221,7834.37105410873,0,0,34611.4962605416,0,2857010.68687737,254940.92316367,25239134.8076865,0,24304046.9968585,32704052.1714126,49543181.9,60.2
"16","Kenya","Kisii",24951478.8986843,696072.270289234,28511.8757948374,0,30242.701170835,0,0,0,0,1969342.08044741,0,4217355.5114576,0,2675631.16808197,23080.3298787558,0,154013.204912811,497335.66748764,4445232.13755627,71505.9091085019,0,3762686.0683146,0,0,0,0,0,0,0,0,0,0,0,0,0,0,0,0,0,0,0,0,0,0,0,0,2689839.90282172,176043.390526884,0,0,9822.92893840635,0,0,0,0,339860.041149913,0,767885.248452784,0,483325.172193106,1633.96117035156,0,59633.5301720574,82165.9903740283,607373.009567449,46266.1362038522,0,467495.714864086,0,0,0,0,0,0,0,0,0,0,0,0,0,0,0,0,0,0,0,0,0,0,0,0,49253832.8,27641318.801506,872115.660816118,28511.8757948374,0,40065.6301092414,0,0,0,0,2309202.12159732,0,4985240.75991038,0,3158956.34027508,24714.2910491074,0,213646.735084868,579501.657861669,5052605.14712372,117772.045312354,0,4230181.78317869,0,43522487.8231848,0,5731345.02643464,0,49253832.8,100
"17","Kenya","Kisumu",0,0,0,0,0,0,0,0,0,0,0,0,0,0,0,0,0,0,0,0,0,0,0,0,0,0,0,0,0,0,0,0,0,0,0,0,0,0,0,0,0,0,0,0,0,0,5266040.04553408,673963.818467264,431445.59515232,0,0,0,0,13978.1901843517,0,91992.8638827734,0,13296.0152594666,805857.186678176,2651942.49694762,104508.71763461,0,2979.130010271,179394.020071941,12888738.7158108,62798.5671101481,0,262730.551557363,0,5865469.29146894,896345.83195312,217254.420946035,0,0,449.443693681415,0,19260.5970712559,0,82771.3079952307,0,120649.263745077,373158.970512442,3005326.97995977,285569.440509351,0,2766.61923140617,314013.741549785,31759236.204905,95683.6651242687,0,528398.285817345,0,67016019.9,11131509.337003,1570309.65042038,648700.016098355,0,0,449.443693681415,0,33238.7872556077,0,174764.171878004,0,133945.279004544,1179016.15719062,5657269.47690738,390078.158143961,0,5745.74924167718,493407.761621726,44647974.9207158,158482.232234417,0,791128.837374708,0,0,0,23449665.9143011,43566354.0644827,23449665.9,35
"18","Kenya","Kitui",0,0,0,0,0,0,0,0,0,0,0,0,0,0,0,0,0,0,0,0,0,0,0,0,0,0,0,0,0,0,0,0,0,0,0,0,0,0,0,0,0,0,0,0,0,0,17347302.3795284,2295591.83861396,11407875.3207189,0,0,0,0,4151.61016688856,0,2072219.3146866,0,283469.743106472,502222.500067815,1555944.93269073,5750110.11264373,4557216.68039087,0,0,0,266616.385769159,0,0,148381.377016751,36040567.9111797,4464396.88563113,15253834.5727119,0,0,0,0,142535.716568195,0,5032525.70623685,0,286138.570747485,2658392.83337604,4269661.81878039,7717945.27970048,5723422.34054837,0,0,0,794390.905027486,0,0,524710.581391503,129099625.2,53387870.2907081,6759988.72424509,26661709.8934308,0,0,0,0,146687.326735083,0,7104745.02092344,0,569608.313853956,3160615.33344386,5825606.75147112,13468055.3923442,10280639.0209392,0,0,0,1061007.29079664,0,0,673091.958408254,0,0,46191102.1954003,82908523.1218994,46191102.2,35.8
"19","Kenya","Kwale",0,0,0,0,0,0,0,0,0,0,0,0,0,0,0,0,0,0,0,0,0,0,0,0,0,0,0,0,0,0,0,0,0,0,0,0,0,0,0,0,0,0,0,0,0,0,536641.465159103,172456.488336263,12882.0353873178,0,0,0,0,0,0,675.888098717483,0,0,173587.364577851,957544.724352708,40565.6595107154,193.131712223653,0,0,0,0,0,0,0,6304115.03674812,1948835.70302857,239279.072352966,0,0,0,0,3131.46379058527,0,13859.4836218659,0,0,1714340.71877683,8073177.77222589,338866.167327908,2507.01130665074,0,792.191218525816,0,97.0988404926914,0,1015.04524520736,0,20534563.5,6840756.50190723,2121292.19136484,252161.107740284,0,0,0,0,3131.46379058527,0,14535.3717205834,0,0,1887928.08335468,9030722.4965786,379431.826838624,2700.14301887439,0,792.191218525816,0,97.0988404926914,0,1015.04524520736,0,0,0,1894546.7571349,18640016.7644836,1894546.7,9.2
"20","Kenya","Laikipia",0,0,0,0,0,0,0,0,0,0,0,0,0,0,0,0,0,0,0,0,0,0,0,0,0,0,0,0,0,0,0,0,0,0,0,0,0,0,0,0,0,0,0,0,0,0,0,0,0,0,0,0,0,0,0,0,0,0,0,0,0,0,0,0,0,0,0,0,0,14951429.1504614,103056.366936714,7805147.65932348,0,0,6844533.4016165,87665.9334240976,204223.856607847,0,31691.3419110485,0,37882584.6764872,1260311.96818348,5870.99947100799,0,0,1626.54656978822,444.454877148821,0,0,0,88628.8278826682,29177.7290998596,69296392.9,14951429.1504614,103056.366936714,7805147.65932348,0,0,6844533.4016165,87665.9334240976,204223.856607847,0,31691.3419110485,0,37882584.6764872,1260311.96818348,5870.99947100799,0,0,1626.54656978822,444.454877148821,0,0,0,88628.8278826682,29177.7290998596,0,0,0,69296392.9128522,0,0
"21","Kenya","Lamu",0,0,0,0,0,0,0,0,0,0,0,0,0,0,0,0,0,0,0,0,0,0,0,0,0,0,0,0,0,0,0,0,0,0,0,0,0,0,0,0,0,0,0,0,0,0,1488595.22953825,45473.6411833984,839.759797849411,0,0,0,0,0,0,10210.6096488363,0,0,110465.679190489,2246833.69492091,199135.309672302,12896.8544070496,0,0,0,0,0,0,0,2657386.30754017,91350.9577373146,631.732065748026,0,0,0,0,0,0,14742.1335893583,0,0,192664.215900029,2202892.77235048,138701.158590518,9077.98542083931,0,0,0,0,0,0,0,9421898.1,4145981.53707841,136824.598920713,1471.49186359744,0,0,0,0,0,0,24952.7432381946,0,0,303129.895090518,4449726.4672714,337836.468262819,21974.8398278889,0,0,0,0,0,0,0,0,0,4114450.77835908,5307447.26319446,4114450.8,43.7
"22","Kenya","Machakos",0,0,0,0,0,0,0,0,0,0,0,0,0,0,0,0,0,0,0,0,0,0,0,0,0,0,0,0,0,0,0,0,0,0,0,0,0,0,0,0,0,0,0,0,0,0,26599159.7094961,880180.918608292,20210273.6502016,0,672023.64426517,0,0,748469.451013022,0,239239.51947975,0,415523.343727333,9078068.31125926,4966834.62123037,2990017.55656878,6460519.82021651,0,0,0,137993.320360612,0,13358.6877538851,35428.6125179873,37772664.2632849,1009792.79303239,17262278.1266405,0,193138.044261416,2685.28516905896,0,1919215.66729137,0,296075.679581712,0,1629498.73724681,12031386.8189838,6082531.27305698,2365018.79889556,6466274.24250348,869.869687823017,0,0,174501.079703635,0,19916.0605924757,113403.007571519,160786340.9,64371823.972781,1889973.71164068,37472551.7768421,0,865161.688526586,2685.28516905896,0,2667685.11830439,0,535315.199061462,0,2045022.08097414,21109455.1302431,11049365.8942873,5355036.35546433,12926794.06272,869.869687823017,0,0,312494.400064247,0,33274.7483463608,148831.620089506,0,0,73447091.1666986,87339249.7475035,73447091.2,45.7
"23","Kenya","Makueni",0,0,0,0,0,0,0,0,0,0,0,0,0,0,0,0,0,0,0,0,0,0,0,0,0,0,0,0,0,0,0,0,0,0,0,0,0,0,0,0,0,0,0,0,0,0,20034009.0505687,866386.552558172,11743673.0434721,0,594403.986807372,1204.33199224968,0,215948.492524798,0,370249.129981457,0,56910.2079993911,1789025.53380791,869818.427204548,4449512.30922367,4149193.28590689,0,95.2307794240748,0,1237038.62578449,0,0,1776.88086578408,23329091.1140106,997911.033562427,10034565.2117272,0,38743.5677428439,17407.7422424294,0,56860.5236116374,0,543086.564027108,0,344774.832220274,1901841.08046437,905322.988845869,3426329.25046503,3537868.83581504,0,1222.60313514795,0,1085682.03084876,0,0,7597.16460970935,92607549.7,43363100.1645793,1864297.5861206,21778238.2551994,0,633147.554550216,18612.0742346791,0,272809.016136436,0,913335.694008565,0,401685.040219666,3690866.61427228,1775141.41605042,7875841.5596887,7687062.12172193,0,1317.83391457202,0,2322720.65663326,0,0,9374.04547549343,0,0,46379245.089477,46228304.5433284,46379245,50.1
"24","Kenya","Mandera",0,0,0,0,0,0,0,0,0,0,0,0,0,0,0,0,0,0,0,0,0,0,0,0,0,0,0,0,0,0,0,0,0,0,0,0,0,0,0,0,0,0,0,0,0,0,0,0,0,0,0,0,0,0,0,0,0,0,0,0,0,0,0,0,0,0,0,0,0,688967.216337368,315006.542213287,8861.76602470749,0,0,0,0,0,0,0,0,0,0,212.061193969833,86985.2671946576,0,0,293053.96311401,383.026226151441,87.6323484905148,0,0,1835.41545559226,1395392.8,688967.216337368,315006.542213287,8861.76602470749,0,0,0,0,0,0,0,0,0,0,212.061193969833,86985.2671946576,0,0,293053.96311401,383.026226151441,87.6323484905148,0,0,1835.41545559226,0,0,0,1395392.89010823,0,0
"25","Kenya","Marsabit",0,0,0,0,0,0,0,0,0,0,0,0,0,0,0,0,0,0,0,0,0,0,0,0,0,0,0,0,0,0,0,0,0,0,0,0,0,0,0,0,0,0,0,0,0,0,27327.0465200948,407.697993893979,20241.5463808228,0,0,0,0,0,0,0,0,0,0,0,0,0,0,0,0,0,0,0,0,4652172.74317353,219044.887043339,3408122.91667403,0,0,159945.577631872,4381.88332425558,0,0,60901.327652533,0,5149.79636690411,4595.47577206221,0,51190.9862886014,2631.48100552366,1618.29397658573,8046.36132706928,0,0,0,0,5410.67103355706,8631188.6,4679499.78969362,219452.585037233,3428364.46305485,0,0,159945.577631872,4381.88332425558,0,0,60901.327652533,0,5149.79636690411,4595.47577206221,0,51190.9862886014,2631.48100552366,1618.29397658573,8046.36132706928,0,0,0,0,5410.67103355706,0,0,47976.2908948115,8583212.40126986,47976.3,0.6
"26","Kenya","Meru",1820623.22279789,75955.035027187,1856897.5551495,0,32621.0714562064,688479.945228105,89872.5712174274,338213.40182123,0,7817.06300183176,0,21006378.871518,37104.9648047505,49212.7829172331,9834.22927880881,7941.73683558757,0,0,0,9896.66590944915,0,926919.872597918,437506.901064082,355970.111302664,31435.5931472194,912285.168659124,0,40433.793301877,534636.137387848,36001.2932750411,75772.164430227,0,8866.07523937996,0,8287966.71223798,66944.2833626949,37963.5413829273,16299.4390317112,9683.7004961709,0,0,0,8835.73701103016,0,141608.367133683,75765.9019274257,6070858.38311587,376299.103592381,6629184.44050995,0,283688.853505459,4038860.68712949,265781.507442626,1439398.65975248,0,209987.585512908,0,23122335.706505,935394.591398886,595761.294272944,215643.338846433,146938.120944512,0,527521.005332616,0,274592.518019778,0,874005.996611266,1672573.99662914,28977485.713063,1894199.78391688,24185042.5992139,0,350293.714269793,10234327.552579,803408.89501307,2733684.12364415,0,1274628.49338123,0,93939265.182665,4920936.1635345,3052661.99605021,1254039.01133832,998727.952379962,24.8808601118461,509559.785503232,0,932951.962556212,0,1445007.18524693,3213439.6554626,266434254.4,37224937.4302794,2377889.51568367,33583409.7635325,0,707037.432533336,15496304.3223245,1195064.26694816,4587068.34964809,0,1501299.21713535,0,146355946.472926,5960380.00310083,3735599.61462331,1495816.01849527,1163291.51065623,24.8808601118461,1037080.79083585,0,1226276.88349647,0,3387541.42158979,5399286.45508325,27395275.8906252,10640468.019327,47678825.7891217,180719684.650678,75074101.6,28.2
"27","Kenya","Migori",555782.958210339,114377.607899218,36193.1286806576,0,0,0,0,3040.26168582411,0,56825.6467827988,10241.8131419351,280403.444190452,50123.5165462084,2002802.75850843,1393.12819165498,0,6724.99708645191,23461.5382461513,617136.618090441,707.16509977599,0,0,147.763195864487,0,0,0,0,0,0,0,0,0,0,0,0,0,0,0,0,0,0,0,0,0,0,0,22638908.1045207,4518955.12199858,1016346.61965204,38395.3223705292,29645.1285112037,0,0,80385.9715933738,0,909933.477749644,165159.570214825,10054370.8813095,1275686.98925009,33252463.4770884,236980.360984747,0,55245.2263031753,354501.684047462,47242998.9525179,40372.4547824315,0,0,5034.07304836593,2266165.67184596,368869.875407445,0,0,0,0,0,0,0,99779.1556018198,0,0,0,1840892.18724867,22748.2041261146,0,0,2433.95679405551,6468054.03864289,1872.1329313739,0,0,0,136745560.9,25460856.734577,5002202.60530524,1052539.74833269,38395.3223705292,29645.1285112037,0,0,83426.2332791979,0,1066538.28013426,175401.38335676,10334774.3255,1325810.5057963,37096158.4228455,261121.693302517,0,61970.2233896272,380397.179087669,54328189.6092512,42951.7528135814,0,0,5181.83624423042,3759362.3455562,0,121915383.415943,11070815.2225983,125674745.7,91.9
"28","Kenya","Mombasa",0,0,0,0,0,0,0,0,0,0,0,0,0,0,0,0,0,0,0,0,0,0,0,0,0,0,0,0,0,0,0,0,0,0,0,0,0,0,0,0,0,0,0,0,0,0,0,0,0,0,0,0,0,0,0,0,0,0,0,0,0,0,0,0,0,0,0,0,0,1264494.85831511,8727.35495832137,7911.08251601969,0,0,0,0,0,0,5000.80401039728,0,0,357790.112337241,2446589.35433335,157266.996923447,19806.1202907369,0,0,0,0,0,0,0,4267586.8,1264494.85831511,8727.35495832137,7911.08251601969,0,0,0,0,0,0,5000.80401039728,0,0,357790.112337241,2446589.35433335,157266.996923447,19806.1202907369,0,0,0,0,0,0,0,0,0,0,4267586.68368462,0,0
"29","Kenya","Murang'a",2252035.7962582,8368.01699057247,2730656.14434138,0,0,55118.371068807,0,497542.697513903,0,0,0,31863447.6055885,159309.732770127,807.87042899942,0,0,0,0,0,0,0,3713848.37134337,0,1114906.30674102,4125.7822963415,981597.780635444,0,43.2893928727222,0,0,301082.545430509,0,0,0,4515136.02305687,0,0,0,0,0,0,0,0,0,682516.676793466,0,8552584.28486474,42496.7511756344,3791794.03305118,0,820.952404551474,0,0,1672410.08317265,0,3551.78959514985,0,13530502.4956132,33068120.7758142,980693.437850166,96750.2357381822,303016.080769071,2509.85487028274,0,0,23959.2374652304,0,533204.181713904,0,5697959.47880152,32608.2548426173,3325623.20001554,0,507.104309103981,0,0,1386946.33117515,0,2479.91609339532,0,14313828.1439781,11184705.1655882,403941.299780995,60219.0665023531,197034.292900897,1345.94388018007,0,0,1160.56970824102,0,1213963.07734878,0,149305279.1,17617485.8666655,87598.8053051656,10829671.1580435,0,1371.34610652818,55118.371068807,0,3857981.65729222,0,6031.70568854518,0,64222914.2682366,44412135.6741724,1385442.60806016,156969.302240535,500050.373669968,3855.79875046281,0,0,25119.8071734715,0,6143532.30719952,0,41281134.6063038,7599408.40434652,62602414.1940981,37822321.8449251,103883548.7,69.6
"30","Kenya","Nairobi",0,0,0,0,0,0,0,0,0,0,0,0,0,0,0,0,0,0,0,0,0,0,0,0,0,0,0,0,0,0,0,0,0,0,0,0,0,0,0,0,0,0,0,0,0,0,1916153.27850907,0,1085367.01488266,0,0,0,0,342847.79941097,0,0,0,12186075.2395181,226762.91961947,18472.6210149001,0,0,0,0,0,0,0,331928.847639328,0,1335639.60855467,7255.48598978459,545320.497926793,0,30455.123245306,3652.85693681169,0,47263.4909436877,0,0,0,4332981.96535464,4898379.90954795,81274.1542753061,12783.1027833246,8151.71148705269,1027.582316063,0,0,0,0,6688.01477066114,0,27418481.5,3251792.88706374,7255.48598978459,1630687.51280945,0,30455.123245306,3652.85693681169,0,390111.290354658,0,0,0,16519057.2048727,5125142.82916742,99746.7752902063,12783.1027833246,8151.71148705269,1027.582316063,0,0,0,0,338616.862409989,0,0,0,16107607.7205945,11310873.5041321,16107607.8,58.7
"31","Kenya","Nakuru",376445.509047441,3537.3604737493,191854.514570258,0,0,40545.1579740521,12049.9087311355,7380.9501194013,0,2626.83284917682,0,842821.74982807,4684.10554896714,0,0,0,0,566.041016452003,0,0,0,696375.587462863,0,0,0,0,0,0,0,0,0,0,0,0,0,0,0,0,0,0,0,0,0,0,0,0,100923.100812785,284.894026461459,47188.3016478224,0,0,2159614.07787523,316307.885621005,1118.55014668355,0,26863.0269944681,0,7542488.61153985,84651.3524974425,0,0,0,0,5600.59782198539,0,0,0,43292.8705042349,0,28251443.7164306,128950.544556244,14678780.6531718,0,0,20789616.247916,4795645.89768901,414049.979025203,0,263150.850860942,0,117046710.017806,3654303.01989408,12967.230945261,0,0,13654.4430631654,67788.8183566554,0,0,0,903393.860319597,104811.865946138,203632488.1,28728812.3262908,132772.799056454,14917823.4693899,0,0,22989775.4837653,5124003.69204115,422549.479291287,0,292640.710704587,0,125432020.379174,3743638.47794049,12967.230945261,0,0,13654.4430631654,73955.4571950928,0,0,0,1643062.3182867,104811.865946138,2178887.71762157,0,10328333.269488,191125267.14598,12507221,6.1
"32","Kenya","Nandi",3762469.23153152,42557.8400139705,637759.608564762,0,156.042628299261,346327.615752908,8193.8976567625,9705.57051747919,0,15827.2255811247,0,1782479.20671051,331546.501748821,106030.382312046,4511.44278332335,0,135.529643070632,1364.73220700922,194203.837488299,0,0,1912881.03577302,0,0,0,0,0,0,0,0,0,0,0,0,0,0,0,0,0,0,0,0,0,0,0,0,11511691.4339717,184061.885485586,1103869.16724238,0,185.069894608558,212462.897217999,0,6210.10354839672,0,75730.0019044075,0,4400732.16531343,508085.763176002,671199.539091382,37561.4643710045,0,1624.20642791664,103699.14469099,8926931.51222066,28065.5372733198,0,4448169.45616872,7164.96659764252,3867076.02575642,4741.67114330275,410562.7393006,0,0,1270771.75118347,55568.1469495655,1772.4944462116,0,23427.7370448703,0,1605589.64260614,6368.416804494,0,0,0,104.497277215726,0,19870.2130329847,0,0,1039081.30611008,0,49688528.7,19141236.6912596,231361.396642859,2152191.51510774,0,341.112522907819,1829562.26415438,63762.044606328,17688.1685120875,0,114984.964530402,0,7788801.01463008,846000.681729317,777229.921403428,42072.9071543278,0,1864.23334820299,105063.876898,9141005.56274194,28065.5372733198,0,7400131.79805182,7164.96659764252,9156149.70091292,0,32227444.3145961,8304934.64165536,41383594.1,83.3
"33","Kenya","Narok",5021532.29167014,25915.0304970672,292626.228880919,0,0,895171.122105711,221733.158675362,0,0,120048.587023448,0,2975265.8380867,0,0,0,0,0,25156.0173895795,0,0,0,103088.409772915,108.025721184795,191980.568604392,68.6906466441579,74534.1495231251,0,0,3699284.36390804,543405.045318661,0,0,3788.54273751039,0,6283673.38064469,11906.7028765218,0,0,0,0,835.142427436514,0,0,0,0,0,19278887.1324639,375607.079500397,1459671.47719591,2311.3529045759,2307.61047858442,10612558.3410327,1749355.7677125,19404.1470999963,0,123084.587277492,6770.30384206262,24151675.2858508,475489.573147951,499145.624118822,1826.5544137461,0,2495.48430578562,22568.0573104029,1923162.08773924,59.1380053042153,0,133587.663921596,81406.2425633181,20155675.9456037,70558.1650895859,2880827.46547775,0,0,33860103.2021821,4194093.52469673,2157.60869935612,0,22786.5801083349,860.040148998675,45759085.5735253,177494.580298337,35.3415119256867,0,0,1980.13045898977,2071.52334675488,23397.3765110823,0,0,28468.2132335395,162773.992705699,188753864.1,44648075.9383421,472148.965733695,4707659.3210777,2311.3529045759,2307.61047858442,49067117.0292285,6708587.49640325,21561.7557993524,0,269708.297146785,7630.34399106129,79169700.0781075,664890.85632281,499180.965630747,1826.5544137461,0,4475.61476477539,50630.7404741738,1946559.46425033,59.1380053042153,0,265144.286928051,244288.260990202,9680644.70982303,10809476.586687,60921373.510885,107342369.263598,70602018.3,37.4
"34","Kenya","Nyamira",15026148.6823227,198683.069737137,46992.2963362151,0,965.843921095061,151.056420220717,0,901.340012574598,0,113929.366309341,0,2775552.37364317,32914.8162262379,0,0,0,407.497664734179,134534.514706545,0,0,0,3406927.61784297,17815.8026989613,0,0,0,0,0,0,0,0,0,0,0,0,0,0,0,0,0,0,0,0,0,0,0,1772496.97709925,104949.195525846,0,0,8336.94519716733,0,0,0,0,588080.037900589,0,467956.509124958,0,1651324.4719491,39284.5371906376,0,182820.952624967,49374.8733102477,34056.6004327631,24843.4314567989,0,724510.79784656,0,0,0,0,0,0,0,0,0,0,0,0,0,0,0,0,0,0,0,0,0,0,0,0,27403959.7,16798645.659422,303632.265262983,46992.2963362151,0,9302.78911826239,151.056420220717,0,901.340012574598,0,702009.40420993,0,3243508.88276813,32914.8162262379,1651324.4719491,39284.5371906376,0,183228.450289701,183909.388016793,34056.6004327631,24843.4314567989,0,4131438.41568953,17815.8026989613,21755924.2778419,0,5648035.32965889,0,27403959.7,100
"35","Kenya","Nyandarua",0,0,0,0,0,0,0,0,0,0,0,0,0,0,0,0,0,0,0,0,0,0,0,0,0,0,0,0,73153.7594088349,0,0,0,0,0,1876071.68780438,1938945.0169742,11772.2230850379,0,0,0,0,0,0,0,0,0,0,0,0,0,0,47927.9128947752,0,0,0,0,0,5660784.72422952,756641.404514554,3526.45254622966,0,0,0,0,0,0,0,0,0,6606146.03816681,9411.02774220641,1729547.15245205,0,0,4592926.44104219,150238.109925903,12371.8337374865,0,19438.7484859564,0,89975403.4443152,34828509.4152939,179322.247169931,0,0,101.366464738374,3721.28873618159,0,0,0,13238.6746873768,965.753272023655,148490164.7,6606146.03816681,9411.02774220641,1729547.15245205,0,0,4714008.1133458,150238.109925903,12371.8337374865,0,19438.7484859564,0,97512259.8563491,37524095.8367827,194620.922801199,0,0,101.366464738374,3721.28873618159,0,0,0,13238.6746873768,965.753272023655,0,3899942.68727245,6468880.49418508,138121341.541492,6468880.5,4.4
"36","Kenya","Nyeri",1043720.26754091,2580.10057065808,1156234.56330158,0,0,1248014.03286292,0,224662.763868544,0,0,0,30315486.4518479,5112.78541935306,0,0,0,0,0,0,0,0,1182568.07406965,0,647452.423740503,2029.65254643797,693792.599177799,0,0,112610.393013462,0,173682.603223191,0,0,0,7253090.58097655,0,0,0,0,0,0,0,0,0,536938.069581373,0,3038264.57912873,6503.74283737012,2714576.07812929,0,85.0327357942942,728352.212107022,0,862151.52823489,0,0,0,28785704.6416944,6751941.02915427,351.907922017327,0,0,0,0,0,0,0,1044017.22340917,0,8927128.48625942,22124.8357297181,6310525.83897657,0,21.6446964363611,2686832.16290245,12137.8963920092,1540394.75450689,0,1662.94467299265,0,73603961.7174469,112920.409514819,646.290778141767,0,0,102.497410233567,0,0,0,0,1784942.79079366,0,183533325.8,13656565.7566696,33238.3316841843,10875129.0795852,0,106.677432230655,4775808.80088586,12137.8963920092,2800891.64983351,0,1662.94467299265,0,139958243.391966,6869974.22408844,998.198700159094,0,0,102.497410233567,0,0,0,0,4548466.15785385,0,35178379.0394815,9419596.32225932,43931947.9753529,95003402.2700802,79110327.1,43.1
"37","Kenya","Samburu",0,0,0,0,0,0,0,0,0,0,0,0,0,0,0,0,0,0,0,0,0,0,0,0,0,0,0,0,0,0,0,0,0,0,0,0,0,0,0,0,0,0,0,0,0,0,190243.667269103,2651.85919897337,15150.2696249486,0,0,0,0,0,0,1347.88944843039,0,0,2176.30071356071,0,0,0,0,17983.8716724696,0,0,0,0,0,1081319.88422005,10546.0954376193,19190.9700862706,0,0,520528.305555043,621283.665887792,0,0,3227.74351995468,0,410853.595718582,5208.8224978539,0,0,0,0,33556.7237994886,0,0,0,0,0,2935269.6,1271563.55148915,13197.9546365926,34341.2397112191,0,0,520528.305555043,621283.665887792,0,0,4575.63296838508,0,410853.595718582,7385.1232114146,0,0,0,0,51540.5954719582,0,0,0,0,0,0,0,229553.857927486,2705715.80672265,229553.9,7.8
"38","Kenya","Siaya",1764216.33632467,232158.77945677,0,0,0,0,0,0,0,14249.759715695,0,4455.15936733974,0,1675836.80601081,11672.2726005649,0,0,62405.596042976,540771.403747752,6566.7732410658,0,0,0,0,0,0,0,0,0,0,0,0,0,0,0,0,0,0,0,0,0,0,0,0,0,0,13948687.8312873,1689351.63344195,1234723.9879258,0,0,0,0,0,0,113129.297812843,0,40580.542743059,1431150.12164346,8886110.59549255,91154.3172864847,0,3425.17431145278,317415.758952683,5086746.92573734,61702.3371779008,0,0,24038.2862417076,6535385.60519951,1315411.56703814,41926.6343013814,0,0,0,0,0,0,73367.8539552837,0,84951.2067344495,53593.6662100675,4321235.47892422,27577.6948204196,0,280.610495378025,55880.1816503126,540318.645344274,113640.118875503,0,0,884.788917887792,50405003.7,22248289.7728115,3236921.97993686,1276650.62222718,0,0,0,0,0,0,200746.911483821,0,129986.908844848,1484743.78785353,14883182.8804276,130404.284707469,0,3705.78480683081,435701.536645972,6167836.97482937,181909.22929447,0,0,24923.0751595954,4312332.88650764,0,32928216.8100545,13164454.0524668,37240549.7,73.9
"39","Kenya","Taita Taveta",0,0,0,0,0,0,0,0,0,0,0,0,0,0,0,0,0,0,0,0,0,0,0,0,0,0,0,0,0,0,0,0,0,0,0,0,0,0,0,0,0,0,0,0,0,0,751307.897460637,196520.080011394,189257.105116652,0,75347.7949528111,0,0,0,0,957.364538522282,0,0,102230.690093396,200342.567118802,58564.0149620813,10868.6922709707,0,0,0,0,0,0,0,7833298.16538854,1029955.98169966,1189684.58318957,0,32071.1431278256,0,0,174844.899113953,0,11337.9221023538,41971.1504045283,0,866127.23873768,1273692.74555138,415099.116178888,153926.500112394,0,28921.5373797347,0,7337.40698530112,0,0,0,14643664.6,8584606.06284918,1226476.06171105,1378941.68830622,0,107418.938080637,0,0,174844.899113953,0,12295.2866408761,41971.1504045283,0,968357.928831075,1474035.31267018,473663.131140969,164795.192383364,0,28921.5373797347,0,7337.40698530112,0,0,0,0,0,1585396.20652527,13058268.3899718,1585396.3,10.8
"40","Kenya","Tana River",0,0,0,0,0,0,0,0,0,0,0,0,0,0,0,0,0,0,0,0,0,0,0,0,0,0,0,0,0,0,0,0,0,0,0,0,0,0,0,0,0,0,0,0,0,0,0,0,0,0,0,0,0,0,0,0,0,0,0,0,0,0,0,0,0,0,0,0,0,916729.069223912,181027.611993494,10353.9814745163,0,0,0,0,0,0,1621.0893014087,0,0,71885.3685794644,100274.105329175,81960.9993263639,13.3123162798212,0,0,0,0,0,0,0,1363865.5,916729.069223912,181027.611993494,10353.9814745163,0,0,0,0,0,0,1621.0893014087,0,0,71885.3685794644,100274.105329175,81960.9993263639,13.3123162798212,0,0,0,0,0,0,0,0,0,0,1363865.53754461,0,0
"41","Kenya","Tharaka-Nithi",1732080.36477,23084.4756320863,1097626.13269904,0,0,0,0,237877.3015416,0,0,0,3158677.74106042,0,0,0,0,0,0,0,0,0,746755.594281908,160663.265999971,0,0,0,0,0,0,0,0,0,0,0,0,0,0,0,0,0,0,0,0,0,0,0,6616996.76807225,195485.739954319,3848309.92700361,0,0,9232.40743316912,1585.31256193468,1161304.07085403,0,458962.074197817,0,128693.74047432,124894.437622825,74404.0043506286,168045.466731451,59800.0993008536,0,94672.7184001675,0,51647.7927215711,0,159770.14540263,1549674.21636343,8537470.76191209,2462371.102645,4806359.50429325,0,0,0,0,679994.134813289,0,3069118.0925688,0,0,567551.728287615,1717407.76166226,3267265.07355816,1525187.29374951,0,98294.7930190953,0,1706893.9393181,0,34847.8509428333,2023876.79462141,52356882.7,16886547.8947543,2680941.3182314,9752295.5639959,0,0,9232.40743316912,1585.31256193468,2079175.50720892,0,3528080.16676662,0,3287371.48153474,692446.16591044,1791811.76601289,3435310.54028961,1584987.39305036,0,192967.511419263,0,1758541.73203967,0,941373.590627371,3734214.27698481,7156764.87598502,0,14703478.921445,30496638.8313914,21860243.8,41.8
"42","Kenya","Trans Nzoia",423960.397871301,554.955986781139,115783.266862311,0,0,52819.0618084747,0,4136.19278463424,0,7944.1561726562,0,434243.043160133,122436.744515092,0,0,0,0,373.924926704658,0,0,0,0,1337.4146682789,0,0,0,0,0,0,0,0,0,0,0,0,0,0,0,0,0,0,0,0,0,0,0,3661100.58704701,34252.1750350932,1188239.61787494,0,0,281969.441706752,0,20377.4785773709,0,42303.6862963999,0,2946962.15266768,439949.468868011,0,0,0,0,2575.39343827225,0,0,0,0,32612.796174728,32861426.1372934,176226.47782755,8730153.11756415,0,362.987424594506,1597911.62442985,5602.27261100778,188662.244299746,0,85819.0756026563,0,7033060.13560354,2019356.85428376,0,3722.26878482136,0,6326.16600222538,15413.9398088975,288365.029716557,0,0,0,779922.489978544,63606262.9,36946487.1222117,211033.608849424,10034176.0023014,0,362.987424594506,1932700.12794508,5602.27261100778,213175.915661751,0,136066.918071712,0,10414265.3314313,2581743.06766687,0,3722.26878482136,0,6326.16600222538,18363.2581738744,288365.029716557,0,0,0,813872.700821551,1163589.15875637,0,8650342.79768626,53792330.8212314,9813931.9,15.4
"43","Kenya","Turkana",0,0,0,0,0,0,0,0,0,0,0,0,0,0,0,0,0,0,0,0,0,0,0,0,0,0,0,0,0,0,0,0,0,0,0,0,0,0,0,0,0,0,0,0,0,0,0,0,0,0,0,0,0,0,0,0,0,0,0,0,0,0,0,0,0,0,0,0,0,1670635.31138725,1279642.74972909,5802.75436773846,0,0,0,0,0,0,131520.55669225,118.096617722811,0,299116.143301094,461.047008030547,40343.3249803862,0,0,11881.2810178709,0,0,0,0,23302.7927315872,3462824.1,1670635.31138725,1279642.74972909,5802.75436773846,0,0,0,0,0,0,131520.55669225,118.096617722811,0,299116.143301094,461.047008030547,40343.3249803862,0,0,11881.2810178709,0,0,0,0,23302.7927315872,0,0,0,3462824.05783302,0,0
"44","Kenya","Uasin Gishu",0,0,0,0,0,0,0,0,0,0,0,0,0,0,0,0,0,0,0,0,0,0,0,290637.753831628,505.681433925152,53085.7482663687,0,0,4456167.17682227,143273.026967421,0,0,43578.0773806671,0,1953122.84687179,49660.5156329303,0,0,0,762.166671334809,188.980808430862,31661.3284114777,0,0,50038.2819573979,0,796462.887690051,62745.0332632987,467861.427059409,0,472.528811191736,2031.20396866386,0,0,0,1204.67439544739,0,759152.461633644,435742.844983289,111538.261301394,8433.58906553378,0,3433.79116001301,0,589441.547893469,0,0,107884.950997128,1547.62048812417,31048419.1136742,234186.239324721,7427183.55831945,0,117.634023463286,27029333.0073914,1334981.6795002,54770.2431775917,0,161353.821314923,0,23242236.6961357,443940.4648002,0,1963.65634775663,0,3631.63781432433,1188.34914927934,802281.305348857,0,0,352836.842316206,24635.1917416715,102583693.8,32135519.7551959,297436.954021945,7948130.73364522,0,590.162834655022,31487531.3881823,1478254.70646762,54770.2431775917,0,206136.573091038,0,25954512.0046412,929343.82541642,111538.261301394,10397.2454132904,0,7827.59564567215,1377.3299577102,1423384.1816538,0,0,510760.075270732,26182.8122297956,0,7072681.58505564,3347952.82271066,92163059.44038,3347952.8,3.3
"45","Kenya","Vihiga",581842.101266107,44875.6655066076,518753.183957302,0,145.639791579791,0,0,0,0,4120.71576551411,0,457716.32994309,307290.48262332,179228.228687555,8153.256815986,0,548.859550474306,7193.36912440943,470227.369329891,0,0,40971.2898105753,0,0,0,0,0,0,0,0,0,0,0,0,0,0,0,0,0,0,0,0,0,0,0,0,14298212.6350294,1264668.07149063,5814564.42007764,0,218.459674451818,2848.22959185078,0,0,0,22420.599832412,0,2616803.53234657,6983647.89914688,5904803.68729461,171706.401336805,0,7089.81724677908,351817.051340956,10235920.8565105,45559.9238767282,0,175721.337621212,43795.0272626776,0,0,0,0,0,0,0,0,0,0,0,0,0,0,0,0,0,0,0,0,0,0,0,50560864.4,14880054.7362955,1309543.73699723,6333317.60403494,0,364.099466031609,2848.22959185078,0,0,0,26541.3155979261,0,3074519.86228966,7290938.3817702,6084031.91598216,179859.658152791,0,7638.67679725339,359010.420465365,10706148.2258404,45559.9238767282,0,216692.627431787,43795.0272626776,2621066.49217241,0,47939797.9496801,0,50560864.4,100
"46","Kenya","Wajir",0,0,0,0,0,0,0,0,0,0,0,0,0,0,0,0,0,0,0,0,0,0,0,0,0,0,0,0,0,0,0,0,0,0,0,0,0,0,0,0,0,0,0,0,0,0,0,0,0,0,0,0,0,0,0,0,0,0,0,0,0,0,0,0,0,0,0,0,0,1138226.36682224,323841.980308939,15392.7016452285,0,0,0,0,0,0,1110.94003005831,0,0,0,0,28014.5135718225,58.7623600928856,0,0,0,0,0,0,0,1506645.3,1138226.36682224,323841.980308939,15392.7016452285,0,0,0,0,0,0,1110.94003005831,0,0,0,0,28014.5135718225,58.7623600928856,0,0,0,0,0,0,0,0,0,0,1506645.26473838,0,0
"47","Kenya","West Pokot",161837.58362375,14420.7381482289,332661.526362229,0,0,13850.0992696651,0,0,0,51221.6048041399,0,7236774.9900832,0,0,0,0,0,0,0,0,0,0,616.406907316042,0,0,0,0,0,0,0,0,0,0,0,0,0,0,0,0,0,0,0,0,0,0,0,1158770.49033463,89131.8214316016,657018.826568186,0,0,15580.6269674434,0,1512.53444028837,0,37439.2659077767,0,6041879.26924188,1901.73609746919,0,0,0,52.2952797873755,58.3194849307658,0,0,0,0,2457.16171485696,8260053.40944312,490584.015799335,1725216.7297103,0,0,43773.0180691431,0,13751.0265818221,0,368453.351072475,0,746039.747462225,317407.70871063,1919.31820307898,4092.72181362511,0,2825.31198783541,72989.325747013,0,0,0,0,263920.573074857,28128211.6,9580661.4834015,594136.575379166,2714897.08264072,0,0,73203.7443062516,0,15263.5610221105,0,457114.221784392,0,14024694.0067873,319309.444808099,1919.31820307898,4092.72181362511,0,2877.60726762279,73047.6452319438,0,0,0,0,266994.14169703,7811382.94919853,0,8005802.34746885,12311026.2576755,15817185.3,56.2
